school_name,street,postcode,easting,northing,web_site,school_group,maintain_status,lea_no,dcfs_no,_geom
Acocks Green Primary School,Westley Road,B27 7UQ,411976,283216,http://acocks.schooljotter2.com/,Primary,Academy Converter,330,2020,"{""type"":""Point"",""coordinates"":[-1.82522312891254,52.4467952243302]}"
Adderley Nursery School,Adderley Road,B8 1EH,409476,287857,http://www.addleyn.bham.sch.uk/,Nursery,LA Nursery School,330,1027,"{""type"":""Point"",""coordinates"":[-1.86187538460657,52.4885571394878]}"
Adderley Primary School,Arden Road,B8 1DZ,409534,287331,http://www.adderleyprimary.co.uk/,Primary,Community School,330,2010,"{""type"":""Point"",""coordinates"":[-1.86105072305983,52.483827465766]}"
Al-Furqan Primary School,Reddings Lane,B11 3EY,410459,283448,http://www.al-furqan-pri.bham.sch.uk/,Primary,Voluntary Aided School,330,5949,"{""type"":""Point"",""coordinates"":[-1.84755023388747,52.4489027767099]}"
Al-Hijrah School,"Cherrywood Centre, Burbidge Road",B9 4US,410058,287022,http://www.alhijrahschool.co.uk/,All Through,Voluntary Aided School,330,4334,"{""type"":""Point"",""coordinates"":[-1.85332920347704,52.4810402556962]}"
Albert Bradbeer Primary Academy,Turves Green,B31 4RD,401976,277384,http://www.abprimary.bham.sch.uk/,Primary,Academy Converter,330,3433,"{""type"":""Point"",""coordinates"":[-1.97240036986396,52.3944907714185]}"
Allens Croft Nursery School,Allens Croft Road,B14 6RP,406019,280393,http://www.allenscn.bham.sch.uk/,Nursery,LA Nursery School,330,1017,"{""type"":""Point"",""coordinates"":[-1.91291831571312,52.4215131903071]}"
Allens Croft Primary School,Allens Croft Road,B14 6RP,405995,280354,http://www.allcroft.bham.sch.uk/,Primary,Community School,330,2153,"{""type"":""Point"",""coordinates"":[-1.91327193035766,52.4211628480957]}"
Alston Primary School,Alston Road,B9 5UN,411572,287073,http://www.alston.bham.sch.uk/,Primary,Academy Sponsor Led,330,2144,"{""type"":""Point"",""coordinates"":[-1.83104939903958,52.4814780335717]}"
Anderton Park Primary School,Dennis Road,B12 8BL,408580,283706,http://www.andertonparkschool.org/,Primary,Community School,330,2062,"{""type"":""Point"",""coordinates"":[-1.87517600798768,52.4512634569079]}"
Anglesey Primary School,Anglesey Street,B19 1RA,406167,289083,http://www.angleseysch-bham.co.uk/,Primary,Community School,330,2479,"{""type"":""Point"",""coordinates"":[-1.91058449557963,52.499634484346]}"
Archbishop Ilsley Catholic School,Victoria Road,B27 7XY,412207,283004,http://www.ilsley.bham.sch.uk/,Secondary,Voluntary Aided School,330,4804,"{""type"":""Point"",""coordinates"":[-1.82184679914732,52.4448753309294]}"
Arden Primary School,Baker Street,B11 4SF,409440,284146,http://www.arden.bham.sch.uk/,Primary,Community School,330,2300,"{""type"":""Point"",""coordinates"":[-1.86250928515163,52.4551960965477]}"
Ark Boulton Academy,Golden Hillock Road,B11 2QG,409553,284430,http://arkboulton.org/,Secondary,Academy Sponsor Led,330,4013,"{""type"":""Point"",""coordinates"":[-1.86083839430338,52.4577472953215]}"
Ark Chamberlain Primary Academy,Oldknow Road,B10 0HU,410468,285170,http://www.oldknowacademy.co.uk/,Juniors,Academy Converter,330,2182,"{""type"":""Point"",""coordinates"":[-1.84736435228721,52.4643832924865]}"
Ark Kings Academy,Shannon Road,B38 9DE,404755,277790,http://www.arkkingsacademy.org/,Secondary,Academy Sponsor Led,330,4001,"{""type"":""Point"",""coordinates"":[-1.93155568062476,52.3981153129918]}"
Ark Rose Primary Academy,Tees Grove,B38 9DH,404579,277950,http://www.arkroseprimary.org/,Primary,Academy Sponsor Led,330,2041,"{""type"":""Point"",""coordinates"":[-1.93414016150021,52.3995641223995]}"
Ark St Alban's Academy,Conybere Street,B12 0YH,407619,285418,http://arkstalbans.org/,Secondary,Academy Sponsor Led,330,6908,"{""type"":""Point"",""coordinates"":[-1.88928074373092,52.466664195248]}"
Ark Tindal Primary Academy,Tindal Street,B12 9QS,407660,284128,http://www.arktindalprimary.org/,Primary,Academy Sponsor Led,330,2056,"{""type"":""Point"",""coordinates"":[-1.88870380252685,52.4550706960803]}"
Aston Manor Academy,Phillips Street,B6 4PZ,407555,288676,http://www.astonmanor.bham.sch.uk/,Secondary,Academy Converter,330,4220,"{""type"":""Point"",""coordinates"":[-1.8901474985039,52.4959583983949]}"
Aston Tower Community Primary School,Upper Sutton Street,B6 5BE,407750,289172,http://www.astontowerprimary.co.uk/,Primary,Community School,330,2443,"{""type"":""Point"",""coordinates"":[-1.88727855487725,52.5004057997292]}"
Aston University Engineering Academy,1 Lister Street,B7 4AG,407819,287923,http://www.auea.co.uk/,Secondary,Academy Sponsor Led,330,4003,"{""type"":""Point"",""coordinates"":[-1.8862869529843,52.4891787352421]}"
Audley Primary School,Audley Road,B33 9HY,413942,287842,http://www.audley.bham.sch.uk/,Primary,Community School,330,3412,"{""type"":""Point"",""coordinates"":[-1.79612043457231,52.488327479052]}"
Balaam Wood School,New Street,B45 0EU,398931,278428,http://www.frankley.bham.sch.uk/,Secondary,Community School,330,4333,"{""type"":""Point"",""coordinates"":[-2.01715224695706,52.4038692948836]}"
Banners Gate Primary School,Coppice View Road,B73 6UE,408410,295660,http://www.bannersgate.bham.sch.uk/,Primary,Community School,330,2026,"{""type"":""Point"",""coordinates"":[-1.87739424668998,52.5587313039615]}"
Barford Primary School,Barford Road,B16 0EF,404509,287413,http://www.barfordprimary.co.uk/site,Primary,Community School,330,2014,"{""type"":""Point"",""coordinates"":[-1.93503113704246,52.4846311260023]}"
Bartley Green School,Adams Hill,B32 3QJ,400161,282166,http://www.bartleygreen.org.uk/,Secondary,Academy Converter,330,4108,"{""type"":""Point"",""coordinates"":[-1.99907236280851,52.4374843697657]}"
Baskerville School,Fellows Lane,B17 9TS,402363,284431,http://www.baskvill.bham.sch.uk/,Special,Community School,330,7016,"{""type"":""Point"",""coordinates"":[-1.96665121930852,52.4578331517683]}"
Beaufort School,Stechford Road,B34 6BJ,413176,288309,http://www.beaufort.bham.sch.uk/,Special,Community School,330,7052,"{""type"":""Point"",""coordinates"":[-1.80737286242173,52.492548262063]}"
Bellfield Infant School (NC),Vineyard Road,B31 1PT,401956,279850,http://www.bellfield-inf.bham.sch.uk/,Infants,Community School,330,2239,"{""type"":""Point"",""coordinates"":[-1.9726807941449,52.4166514002816]}"
Bellfield Junior SU School,Vineyard Road,B31 1PT,401928,279846,http://www.bellfield-jun.bham.sch.uk/,Juniors,Community School,330,2241,"{""type"":""Point"",""coordinates"":[-1.97309250234465,52.4166155441395]}"
Bells Farm Junior and Infant School,Bells Farm Close,B14 5QP,406332,278789,http://bellsfarm.org/,Primary,Community School,330,2456,"{""type"":""Point"",""coordinates"":[-1.90834558717316,52.4070896821987]}"
Benson Community School,Benson Road,B18 5TD,404786,288893,http://www.bensonschool.co.uk/,Primary,Community School,330,2435,"{""type"":""Point"",""coordinates"":[-1.93094486224634,52.4979310275103]}"
Billesley Primary School,Trittiford Road,B13 0ES,409079,280777,http://www.billesley.bham.sch.uk/,Primary,Academy Sponsor Led,330,2072,"{""type"":""Point"",""coordinates"":[-1.86791206532655,52.4249237846635]}"
Birches Green Infant School,Birches Green Road,B24 9SR,411674,290972,http://www.birchgni.bham.sch.uk/,Infants,Community School,330,2025,"{""type"":""Point"",""coordinates"":[-1.82939744922351,52.5165274705593]}"
Birches Green Junior School,Birches Green Road,B24 9SR,411719,291016,http://www.birchgnj.bham.sch.uk/,Juniors,Community School,330,2024,"{""type"":""Point"",""coordinates"":[-1.82873276136921,52.5169220451015]}"
Birchfield Community School,Trinity Road,B6 6AJ,406946,290217,http://www.birchfld.bham.sch.uk/,Primary,Community School,330,2297,"{""type"":""Point"",""coordinates"":[-1.89909043128083,52.5098117150007]}"
Birmingham Ormiston Academy,1 Grovesnor Street,B4 7QD,407742,287262,http://www.boa-academy.co.uk/,Secondary,Academy Sponsor Led,330,4000,"{""type"":""Point"",""coordinates"":[-1.88743134729853,52.4832360227224]}"
Bishop Challoner Catholic College,Institute Road,B14 7EG,407588,281677,http://www.bishopchalloner.org.uk/,Secondary,Voluntary Aided School,330,5413,"{""type"":""Point"",""coordinates"":[-1.8898327993637,52.4330282477432]}"
Bishop Vesey's Grammar School,Lichfield Road,B74 2NH,412162,296813,http://www.bvgs.co.uk/,Secondary,Academy Converter,330,4660,"{""type"":""Point"",""coordinates"":[-1.82200898596058,52.5690264340191]}"
Bishop Walsh Catholic School,Wylde Green Road,B76 1QT,412890,294398,http://bishopwalsh.net/welcome/,Secondary,Academy Converter,330,4661,"{""type"":""Point"",""coordinates"":[-1.81134651179241,52.5472994804394]}"
Blakesley Hall Primary School,Yardley Green Road,B33 8TH,412618,286390,http://www.blakesley.bham.sch.uk/,Primary,Community School,330,2254,"{""type"":""Point"",""coordinates"":[-1.81567318734741,52.4753060317169]}"
Bloomsbury Children's Centre,Bloomsbury Street,B7 5BX,408737,288423,http://www.bloomsburynscc.com/,Nursery,LA Nursery School,330,1025,"{""type"":""Point"",""coordinates"":[-1.87275854473142,52.4936665920654]}"
Boldmere Infant School and Nursery,Cofield Road,B73 5SD,410634,294077,http://www.boldmere-inf.bham.sch.uk/,Infants,Community School,330,2402,"{""type"":""Point"",""coordinates"":[-1.84463959807877,52.5444530441183]}"
Boldmere Junior School,Cofield Road,B73 5SD,410690,294113,http://www.bldmerej.bham.sch.uk/,Juniors,Community School,330,2401,"{""type"":""Point"",""coordinates"":[-1.84379794862214,52.5447845585803]}"
Bordesley Green East Nursery School,358 Bordesley Green East,B33 8QB,412816,286694,http://www.bgens.bham.sch.uk/,Nursery,LA Nursery School,330,1001,"{""type"":""Point"",""coordinates"":[-1.81273191684551,52.4780343997684]}"
Bordesley Green Girls' School & Sixth Form,Bordesley Green Road,B9 4TR,410002,287014,http://www.bordgrng.bham.sch.uk/,Secondary,Community School,330,4115,"{""type"":""Point"",""coordinates"":[-1.85416870330827,52.4809693920951]}"
Bordesley Green Primary School,Marchmont Road,B9 5XX,411032,286761,http://www.bordsgrn.bham.sch.uk/,Primary,Community School,330,2030,"{""type"":""Point"",""coordinates"":[-1.83899623725517,52.4786753197983]}"
Bordesley Village Primary School and Children's Centre,Emmeline Street,B9 4NG,408932,286510,http://bvcs-bham.co.uk/,Primary,Community School,330,2002,"{""type"":""Point"",""coordinates"":[-1.8699224464917,52.4764657107465]}"
Bournville Infant School,Linden Road,B30 1JY,404411,281232,http://www.bournvilleinfantschool.org.uk/,Infants,Voluntary Aided School,330,3354,"{""type"":""Point"",""coordinates"":[-1.93655255043733,52.4290708122148]}"
Bournville Junior School,Linden Road,B30 1JY,404390,281304,http://www.bournvillejunior.org.uk/,Juniors,Voluntary Aided School,330,3353,"{""type"":""Point"",""coordinates"":[-1.93686048254017,52.4297182533564]}"
Bournville School and Sixth Form Centre,Griffins Brook Lane,B30 1QJ,403276,280690,http://www.bournvilleschool.org/,Secondary,Academy Sponsor Led,330,4017,"{""type"":""Point"",""coordinates"":[-1.95325023610658,52.4241970047178]}"
Braidwood School for the Deaf,Bromford Road,B36 8AF,412317,289399,http://www.braidwood.bham.sch.uk/,Special,Foundation School,330,7030,"{""type"":""Point"",""coordinates"":[-1.81999422610976,52.5023663107611]}"
Brays School,Brays Road,B26 1NS,414059,284609,http://www.brays.bham.sch.uk/,Special,Community School,330,7038,"{""type"":""Point"",""coordinates"":[-1.79451795539138,52.4592600623219]}"
Brearley Nursery School,Brearley Street,B19 3XJ,406820,288242,,Nursery,LA Nursery School,330,1002,"{""type"":""Point"",""coordinates"":[-1.90098233211277,52.4920573483586]}"
Broadmeadow Infant School,Monyhull Hall Road,B30 3QJ,405920,278963,http://www.brdmedoi.bham.sch.uk/,Infants,Community School,330,2238,"{""type"":""Point"",""coordinates"":[-1.91441351495166,52.4086584877126]}"
Broadmeadow Junior School,Monyhull Hall Road,B30 3QJ,405871,278942,http://www.brdmedoj.bham.sch.uk/,Juniors,Community School,330,2236,"{""type"":""Point"",""coordinates"":[-1.91513421428635,52.4084612803691]}"
Broadway Academy,The Broadway,B20 3DP,407183,290576,http://www.broadway-school.co.uk/,Secondary,Academy Converter,330,4227,"{""type"":""Point"",""coordinates"":[-1.89558652802787,52.5130352293869]}"
Brookfields Primary School,2 Hingeston Street,B18 6PU,405646,287976,http://www.brookfields.bham.sch.uk/,Primary,Community School,330,2034,"{""type"":""Point"",""coordinates"":[-1.91829218848868,52.4896881485625]}"
Brookvale Primary School,Mallard Drive,B23 7YB,408836,291473,http://www.brookvaleschool.co.uk/,Primary,Academy Converter,330,2295,"{""type"":""Point"",""coordinates"":[-1.87122052246565,52.5210841636034]}"
Brownmead Primary Academy,Pencroft Road,B34 6SS,414974,288997,http://learning.brownmead.academy/,Primary,Academy Sponsor Led,330,2152,"{""type"":""Point"",""coordinates"":[-1.78087085597747,52.4986836522836]}"
Calshot Primary School,Calshot Road,B42 2BY,405693,293840,http://www.calshot.bham.sch.uk/index.htm,Primary,Community School,330,2465,"{""type"":""Point"",""coordinates"":[-1.91748705074456,52.5424044018749]}"
Calthorpe Teaching Academy,Darwin Street,B12 0TP,408047,285490,http://www.calthorpe.bham.sch.uk/,Special,Academy Special Converter,330,7013,"{""type"":""Point"",""coordinates"":[-1.88297645936734,52.4673095518924]}"
Canterbury Cross Primary School,Canterbury Road,B20 3AA,406897,290486,http://www.canterburycross.org.uk/,Primary,Community School,330,2039,"{""type"":""Point"",""coordinates"":[-1.89981723082362,52.5122387322466]}"
Cardinal Wiseman Catholic Technology College,Old Oscott Hill,B44 9SR,407657,294636,http://www.cardinalwiseman.bham.sch.uk/,Secondary,Voluntary Aided School,330,4801,"{""type"":""Point"",""coordinates"":[-1.88850995281477,52.549527698836]}"
Castle Vale Nursery School,Yatesbury Avenue,B35 6DU,413996,291279,http://www.castvaln.bham.sch.uk/,Nursery,LA Nursery School,330,1048,"{""type"":""Point"",""coordinates"":[-1.79516720086209,52.5192242081664]}"
Chad Vale Primary School,Nursery Road,B15 3JU,403803,285141,http://www.chadvale.bham.sch.uk/,Primary,Community School,330,2312,"{""type"":""Point"",""coordinates"":[-1.94546600900276,52.4642171887876]}"
Chandos Primary School,Vaughton Street South,B12 0YN,407473,285512,http://www.chandos.bham.sch.uk/,Primary,Community School,330,2305,"{""type"":""Point"",""coordinates"":[-1.89143981444584,52.4675064236422]}"
Cherry Oak School,60 Frederick Road,B29 6PB,404010,282549,http://www.cherryoak.bham.sch.uk/,Special,Community School,330,7051,"{""type"":""Point"",""coordinates"":[-1.94244943007928,52.4409047178776]}"
Cherry Orchard Primary School,Cherry Orchard Road,B20 2LB,405451,291366,http://www.cherryorchard-bham.co.uk/,Primary,Community School,330,2040,"{""type"":""Point"",""coordinates"":[-1.9210950519062,52.5201658712383]}"
Chilcote Primary School,Chilcote Close,B28 0PB,410729,279837,http://www.chilcote.bham.sch.uk/,Primary,Community School,330,2251,"{""type"":""Point"",""coordinates"":[-1.84367748246725,52.4164436369887]}"
Chilwell Croft Academy,Chilwell Croft,B19 2QH,407069,288625,http://www.chilwellcroft.com/,Primary,Academy Sponsor Led,330,2047,"{""type"":""Point"",""coordinates"":[-1.89732172196309,52.4954973888564]}"
Chivenor Primary School,Farnborough Road,B35 7JA,414252,290866,http://www.chivenor.bham.sch.uk/,Primary,Academy Sponsor Led,330,2140,"{""type"":""Point"",""coordinates"":[-1.79142670183412,52.5155138220896]}"
Christ Church CofE Controlled Primary School and Nursery,Claremont Road,B11 1LF,408635,285127,http://www.christch.bham.sch.uk/,Primary,Voluntary Controlled School,330,3002,"{""type"":""Point"",""coordinates"":[-1.8743451102179,52.4640284058606]}"
Christ The King Catholic Primary School,Warren Farm Road,B44 0QN,408457,293942,http://www.christkng.bham.sch.uk/,Primary,Voluntary Aided School,330,3319,"{""type"":""Point"",""coordinates"":[-1.87674418953428,52.5432860777284]}"
City of Birmingham School,"The Link Centre, Jenkins Street",B10 0QH,409310,285927,http://www.cityofbirminghamschool.com/our-school/,Not applicable,Pupil Referral Unit,330,1100,"{""type"":""Point"",""coordinates"":[-1.86438794379398,52.4712094321482]}"
City Road Primary School,Cavendish Road,B16 0HL,403851,287395,http://www.cityroad.bham.sch.uk/,Primary,Academy Sponsor Led,330,2134,"{""type"":""Point"",""coordinates"":[-1.94472573871768,52.4844765898879]}"
Clifton Primary School,Brunswick Road,B12 8NX,408415,284267,http://www.cliftonprimary.bham.sch.uk/,Primary,Community School,330,3432,"{""type"":""Point"",""coordinates"":[-1.87759870148295,52.4563048738453]}"
Cockshut Hill Technology College,Cockshut Hill,B26 2HX,414305,285729,http://www.cockshut.bham.sch.uk/,Secondary,Community School,330,4233,"{""type"":""Point"",""coordinates"":[-1.79084991860182,52.4693224339991]}"
Cofton Primary School,Wootton Road,B31 4ST,402262,276891,http://www.cofton.bham.sch.uk/,Primary,Foundation School,330,2289,"{""type"":""Point"",""coordinates"":[-1.96818597444766,52.3900486312893]}"
Colebourne Primary School,Stechford Road,B34 6BJ,413195,288374,http://www.hazwebs.co.uk/colebourne/,Primary,Community School,330,2185,"{""type"":""Point"",""coordinates"":[-1.80708580332562,52.4931284704596]}"
Colmers Farm Infant School,Leybrook Road,B45 9PB,399911,277667,http://www.colfarmi.bham.sch.uk/,Infants,Community School,330,2052,"{""type"":""Point"",""coordinates"":[-2.00274701307104,52.397038064044]}"
Colmers Farm Junior School,Leybrook Road,B45 9PB,399846,277658,http://www.colfarmj.bham.sch.uk/,Juniors,Community School,330,2051,"{""type"":""Point"",""coordinates"":[-2.00368767302193,52.396948161124]}"
Colmers School and Sixth Form College,Bristol Road South,B45 9NY,399872,277588,http://www.colmers.org.uk/,Secondary,Foundation School,330,5416,"{""type"":""Point"",""coordinates"":[-2.00332010295775,52.3963188671065]}"
Colmore Infant and Nursery School,Colmore Road,B14 6AJ,406880,281059,http://www.colmoreinf.co.uk/,Infants,Community School,330,2054,"{""type"":""Point"",""coordinates"":[-1.90024421586369,52.4274905768291]}"
Colmore Junior School,Colmore Road,B14 6AJ,406897,281116,http://www.colmorej.co.uk/,Juniors,Community School,330,2053,"{""type"":""Point"",""coordinates"":[-1.89999304925457,52.4279938426867]}"
Conway Primary School,Conway Road,B11 1NS,409032,284661,http://www.conway.bham.sch.uk/,Primary,Community School,330,2082,"{""type"":""Point"",""coordinates"":[-1.8685142032059,52.459841676878]}"
Coppice Primary School,Trinity Road,B75 6TJ,411979,298085,http://www.coppice.bham.sch.uk/,Primary,Foundation School,330,2464,"{""type"":""Point"",""coordinates"":[-1.82466343488934,52.580456507465]}"
Corpus Christi Catholic Primary School,Lyttelton Road,B33 8BL,412828,286985,http://www.corpuschristi.bham.sch.uk/index.htm,Primary,Voluntary Aided School,330,3320,"{""type"":""Point"",""coordinates"":[-1.81255875744595,52.480650177652]}"
Cotteridge Junior and Infant School,Breedon Road,B30 2HT,405242,280146,http://www.cotridge.bham.sch.uk/,Primary,Community School,330,2055,"{""type"":""Point"",""coordinates"":[-1.92436220913167,52.4193004968733]}"
Cottesbrooke Infant and Nursery School,Yardley Road,B27 6LG,412509,283858,http://www.cottesbrooke-inf.bham.sch.uk/,Infants,Academy Converter,330,2299,"{""type"":""Point"",""coordinates"":[-1.81737194853844,52.4525549398753]}"
Cottesbrooke Junior School,Cedars Avenue,B27 6JL,412338,283921,http://www.cbrookej.bham.sch.uk/,Juniors,Community School,330,2226,"{""type"":""Point"",""coordinates"":[-1.81987124174394,52.4531251531861]}"
Court Farm Primary School,Tedbury Crescent,B23 5NS,410027,292888,http://www.courtfrm.bham.sch.uk/,Primary,Community School,330,2191,"{""type"":""Point"",""coordinates"":[-1.85361096985256,52.5337754956362]}"
Cromwell Junior and Infant School and Nursery Class,Cromwell Street,B7 5BA,408590,288601,http://www.cromwell.bham.sch.uk/,Primary,Community School,330,2060,"{""type"":""Point"",""coordinates"":[-1.87490444795386,52.4952690755259]}"
CUL Academy Trust,69 Aston Road North,B6 4EA,407933,288796,http://www.culacademy.co.uk/,Alternative,Free Schools,330,1109,"{""type"":""Point"",""coordinates"":[-1.88458580578957,52.4970256721315]}"
Dame Elizabeth Cadbury Technology College,Woodbrooke Road,B30 1UL,403975,281106,http://www.dectc.bham.sch.uk/,Secondary,Foundation School,330,4129,"{""type"":""Point"",""coordinates"":[-1.94298097232451,52.4279323918355]}"
Deykin Avenue Junior and Infant School,Deykin Avenue,B6 7BU,408537,290701,http://www.deykinav.bham.sch.uk/,Primary,Community School,330,2284,"{""type"":""Point"",""coordinates"":[-1.87563194977572,52.5141486717318]}"
Dorrington Academy,Dorrington Road,B42 1QR,405327,292443,http://www.dorringtonprimary.co.uk/,Primary,Academy Converter,330,2065,"{""type"":""Point"",""coordinates"":[-1.92290558716021,52.5298491863178]}"
East Birmingham Network Academy,1580 Coventry Road,B26 1AL,412857,284916,http://www.ebnacademy.co.uk/,Alternative,Free Schools,330,1105,"{""type"":""Point"",""coordinates"":[-1.81220074800194,52.4620529523753]}"
EBN Academy Phase 2,290 Reservoir Road,B23 6DE,410431,291602,,Alternative,Free Schools,330,1110,"{""type"":""Point"",""coordinates"":[-1.84769507535802,52.5222160185063]}"
Eden Boys' School,Whitehead Road,B6 6EL,407448,289681,http://www.edenboysbirmingham.com/,Secondary,Free Schools,330,4021,"{""type"":""Point"",""coordinates"":[-1.89171605276778,52.5049947397576]}"
Edith Cadbury Nursery School,Somerford Road,B29 5LB,402113,282052,http://www.edithcadbury.bham.sch.uk/,Nursery,LA Nursery School,330,1802,"{""type"":""Point"",""coordinates"":[-1.97035925883999,52.4364469103916]}"
Elms Farm Community Primary School,Dorncliffe Avenue,B33 0PJ,415503,285115,http://www.elmsfarm.bham.sch.uk/,Primary,Community School,330,2454,"{""type"":""Point"",""coordinates"":[-1.7732431466108,52.4637791369002]}"
English Martyrs' Catholic Primary School,Evelyn Road,B11 3JW,409362,283681,http://www.englishmartyrs.co.uk/,Primary,Voluntary Aided School,330,3321,"{""type"":""Point"",""coordinates"":[-1.86368462288427,52.4510260268956]}"
Erdington Hall Primary School,Ryland Road,B24 8JJ,410870,290445,http://www.erdhall.bham.sch.uk/,Primary,Academy Sponsor Led,330,2036,"{""type"":""Point"",""coordinates"":[-1.84126247186121,52.5117972818741]}"
Fairfax,Fairfax Road,B75 7JT,413812,295974,http://www.fairfax.bham.sch.uk/,Secondary,Academy Converter,330,5410,"{""type"":""Point"",""coordinates"":[-1.79769983032479,52.5614449907785]}"
Fairway Primary School,Muirfield Gardens,B38 8XQ,403747,278460,http://www.fairway.bham.sch.uk/,Primary,Academy Converter,330,2310,"{""type"":""Point"",""coordinates"":[-1.94636281415286,52.4041462542175]}"
Featherstone Nursery School,29 Highcroft Road,B23 6AU,410206,291634,http://www.feathern.bham.sch.uk/,Nursery,LA Nursery School,330,1026,"{""type"":""Point"",""coordinates"":[-1.85102488507588,52.522507931294]}"
Featherstone Primary School,Glenville Drive,B23 6PR,410230,291979,http://www.featherstoneprimaryschool.co.uk/,Primary,Community School,330,2294,"{""type"":""Point"",""coordinates"":[-1.85064597759797,52.5255999929428]}"
Firs Primary School,Dreghorn Road,B36 8LL,413469,289611,http://www.firs.bham.sch.uk/,Primary,Community School,330,2475,"{""type"":""Point"",""coordinates"":[-1.80300352053988,52.5042431750002]}"
Forestdale Primary School,Wareham Road,B45 0JS,399760,278836,http://www.forestdale.bham.sch.uk/,Primary,Community School,330,2486,"{""type"":""Point"",""coordinates"":[-2.00495337675821,52.4075431189757]}"
Four Dwellings Academy,Dwellings Lane,B32 1RJ,399851,284122,http://www.fourdwellingsacademy.org/,Secondary,Academy Sponsor Led,330,4005,"{""type"":""Point"",""coordinates"":[-2.00363398055199,52.4550687625949]}"
Four Dwellings Primary Academy,Quinton Road West,B32 1PJ,400046,284098,http://www.fdwellp.bham.sch.uk/,Primary,Academy Sponsor Led,330,2109,"{""type"":""Point"",""coordinates"":[-2.00075560381041,52.4548458458508]}"
Four Oaks Primary School,Edge Hill Road,B74 4PA,410110,299761,http://www.fouroaksprimary.bham.sch.uk/,Primary,Foundation School,330,3435,"{""type"":""Point"",""coordinates"":[-1.85219494844401,52.5955609002064]}"
Fox Hollies School and Performing Arts College,Highbury Community Campus,B13 8QB,407364,282546,http://www.foxhollies.bham.sch.uk/,Special,Community School,330,7050,"{""type"":""Point"",""coordinates"":[-1.893093987893,52.4408435757765]}"
Garretts Green Nursery School,117 Garretts Green Lane,B26 2JL,414259,285474,http://www.garrettsgreen.org.uk/,Nursery,LA Nursery School,330,1006,"{""type"":""Point"",""coordinates"":[-1.79153786054998,52.467031225861]}"
George Dixon Academy,Portland Road,B16 9GD,403049,286525,http://www.georgedixonacademy.com/,Secondary,Academy Converter,330,5412,"{""type"":""Point"",""coordinates"":[-1.95653720318339,52.4766549126318]}"
George Dixon Primary School,City Road,B17 8LE,402999,286499,http://www.georgedixonprimary.bham.sch.uk/,Primary,Community School,330,2079,"{""type"":""Point"",""coordinates"":[-1.95727353863301,52.4764304046029]}"
Gilbertstone Primary School,Clay Lane,B26 1EH,413072,284089,http://www.gilbertstoneprimary.com/,Primary,Community School,330,2081,"{""type"":""Point"",""coordinates"":[-1.80906387081473,52.454618569751]}"
Glenmead Primary School,Glenmead Road,B44 8UQ,406879,293712,https://glenmead-bham.frogprimary.com/,Primary,Community School,330,2296,"{""type"":""Point"",""coordinates"":[-1.90001123358959,52.5412386283059]}"
Goodway Nursery School,5 Goodway Road,B44 8RL,407743,293559,http://www.goodwayn.bham.sch.uk/,Nursery,LA Nursery School,330,1015,"{""type"":""Point"",""coordinates"":[-1.88728104522452,52.5398534287107]}"
Gossey Lane Junior Infant and Nursery School,Gossey Lane,B33 0DS,415123,286786,http://www.gosseylane.bham.sch.uk/,Primary,Community School,330,2448,"{""type"":""Point"",""coordinates"":[-1.7787756635514,52.4788118803717]}"
Gracelands Nursery School,Grace Road,B11 1ED,409309,285066,http://www.grclands.bham.sch.uk/,Nursery,LA Nursery School,330,1022,"{""type"":""Point"",""coordinates"":[-1.86442282706079,52.4634724808912]}"
Great Barr Primary School,Aldridge Road,B44 8NT,406701,294151,http://www.grtbarr.bham.sch.uk/,Primary,Academy Converter,330,2450,"{""type"":""Point"",""coordinates"":[-1.90261797822088,52.5451890011107]}"
Great Barr School,Aldridge Road,B44 8NU,406673,294247,http://www.greatbarrschool.org.uk/,Secondary,Foundation School,330,5403,"{""type"":""Point"",""coordinates"":[-1.90304370210315,52.5460434112225]}"
Green Meadow Primary School,Green Meadow Road,B29 4EE,401974,281204,http://www.greenmeadowprimaryschool.com/,Primary,Academy Converter,330,2451,"{""type"":""Point"",""coordinates"":[-1.97239979211115,52.4288283719989]}"
Greenholm Primary School,Greenholm Road,B44 8HS,407393,293192,http://web.grnholm.bham.sch.uk/site/,Primary,Academy Converter,330,2085,"{""type"":""Point"",""coordinates"":[-1.89243486937517,52.5365499846218]}"
Greenwood Academy,Farnborough Road,B35 7NL,414873,291387,https://sites.google.com/a/aetinet.org/greenwood-academy/home,Secondary,Academy Sponsor Led,330,4006,"{""type"":""Point"",""coordinates"":[-1.78225263556809,52.5201720911845]}"
Greet Primary School,Percy Road,B11 3ND,409762,283924,http://www.greet.bham.sch.uk/,Primary,Community School,330,2086,"{""type"":""Point"",""coordinates"":[-1.85779183400982,52.4532036810652]}"
Grendon Junior and Infant School (NC),Grendon Road,B14 4RB,408098,279321,http://www.grendon.bham.sch.uk/,Primary,Community School,330,2087,"{""type"":""Point"",""coordinates"":[-1.88238775712479,52.4118405799322]}"
Grestone Academy,Grestone Avenue,B20 1ND,404309,291601,http://www.grestoneschool.co.uk/,Primary,Academy Sponsor Led,330,2138,"{""type"":""Point"",""coordinates"":[-1.93793701178641,52.5222885055417]}"
Grove School,Dawson Road,B21 9HB,404614,289752,http://web.grove.bham.sch.uk/,Primary,Community School,330,2466,"{""type"":""Point"",""coordinates"":[-1.93346682389501,52.5056637452513]}"
Guardian Angels Catholic Primary School,Hurst Lane,B34 7HN,416103,288806,http://www.grdangel.bham.sch.uk/,Primary,Voluntary Aided School,330,3316,"{""type"":""Point"",""coordinates"":[-1.76423492724733,52.4969435818968]}"
Gunter Primary School,Gunter Road,B24 0RU,413095,291483,http://www.gunterprimary.org/,Primary,Community School,330,2091,"{""type"":""Point"",""coordinates"":[-1.80845202193645,52.521080372919]}"
Hall Green Infant School,Petersfield Road,B28 0AR,410606,281471,http://www.hallgreeninfant.co.uk/,Infants,Community School,330,2093,"{""type"":""Point"",""coordinates"":[-1.84544934632889,52.4311357245545]}"
Hall Green Junior School,Stratford Road,B28 9AJ,410680,281459,http://www.hallgrnj.bham.sch.uk/,Juniors,Community School,330,2092,"{""type"":""Point"",""coordinates"":[-1.84436139205916,52.43101746435]}"
Hall Green School,Southam Road,B28 0AA,410367,281671,http://www.hallgreen.bham.sch.uk/,Secondary,Academy Converter,330,5409,"{""type"":""Point"",""coordinates"":[-1.84894371844931,52.4329292755182]}"
Hallmoor School,Scholars Gate,B33 0DL,415021,287042,http://www.hallmoor.bham.sch.uk/,Special,Community School,330,7027,"{""type"":""Point"",""coordinates"":[-1.78026460381136,52.4811071572102]}"
Hamilton School,Hamilton Road,B21 8AH,403902,289894,http://www.hamilton.bham.sch.uk,Special,Community School,330,7006,"{""type"":""Point"",""coordinates"":[-1.94394020047486,52.5069457044705]}"
Hamstead Hall Academy,Craythorne Avenue,B20 1HL,404024,292495,http://www.hamsteadhall.com,Secondary,Academy Converter,330,4240,"{""type"":""Point"",""coordinates"":[-1.94211219032715,52.5303186177013]}"
Handsworth Grammar School,Grove Lane,B21 9ET,404621,289651,http://www.handsworth.bham.sch.uk/,Secondary,Voluntary Aided School,330,5402,"{""type"":""Point"",""coordinates"":[-1.93336506170584,52.5047556964863]}"
Handsworth Wood Girls' Academy,Church Lane,B20 2HL,404913,290687,http://www.hwga.org.uk/,Secondary,Academy Converter,330,4207,"{""type"":""Point"",""coordinates"":[-1.92903361529165,52.5140577847799]}"
Harborne Academy,Harborne Road,B15 3JL,404294,284880,http://www.harborneacademy.co.uk/,Secondary,Academy Sponsor Led,330,6910,"{""type"":""Point"",""coordinates"":[-1.93824232247299,52.4618583269251]}"
Harborne Primary School,Station Road,B17 9LU,403294,284570,http://www.harborne.bham.sch.uk,Primary,Community School,330,2477,"{""type"":""Point"",""coordinates"":[-1.95296334314282,52.459078148531]}"
Harper Bell Seventh Day Adventist School,29 Ravenhurst Street,B12 0EJ,408232,285754,http://www.hbsda.bham.sch.uk/,Primary,Voluntary Aided School,330,3436,"{""type"":""Point"",""coordinates"":[-1.88026153825449,52.4696712493511]}"
Hawkesley Church Primary Academy,376 Shannon Road,B38 9TR,404326,277289,http://www.hawkesley.bham.sch.uk/,Primary,Academy Sponsor Led,330,2121,"{""type"":""Point"",""coordinates"":[-1.93786687726898,52.3936236756709]}"
Hawthorn Primary School,Hawthorn Road,B44 8QR,408431,293109,http://hawthornprimaryschool.co.uk/,Primary,Community School,330,2099,"{""type"":""Point"",""coordinates"":[-1.87714836739652,52.5357979207012]}"
Heartlands Academy,Gt Francis Street,B7 4QR,408594,287858,http://www.heartlands-academy.org.uk/,Secondary,Academy Sponsor Led,330,6905,"{""type"":""Point"",""coordinates"":[-1.87486448454481,52.4885805420097]}"
Heath Mount Primary School,Mary Street,B12 9ST,407578,284703,http://www.heathmount.bham.sch.uk/,Primary,Community School,330,2313,"{""type"":""Point"",""coordinates"":[-1.88991230237942,52.4602321321715]}"
Heathfield Primary School,Heathfield Road,B19 1HJ,406276,289781,http://www.heathfld.bham.sch.uk/,Primary,Academy Converter,330,2309,"{""type"":""Point"",""coordinates"":[-1.90896596365585,52.5058992368276]}"
Heathlands Primary Academy,Heath Way,B34 6NB,413964,289145,http://www.heathlnd.bham.sch.uk/,Primary,Academy Converter,330,2455,"{""type"":""Point"",""coordinates"":[-1.79574229538067,52.5000407062916]}"
Highfield Junior and Infant School,Highfield Road,B8 3QF,410343,288366,http://web.hifield.bham.sch.uk/page/default.asp?title=Home&pid=1,Primary,Community School,330,2101,"{""type"":""Point"",""coordinates"":[-1.84909148164693,52.4931263810916]}"
Highfield Nursery School,Highfield Road,B8 3QF,410308,288387,http://www.hifieldn.bham.sch.uk/,Nursery,LA Nursery School,330,1010,"{""type"":""Point"",""coordinates"":[-1.84961459965266,52.4933149714546]}"
Highters Heath Community School,Highters Heath Lane,B14 4LY,408808,279373,http://www.hightersheath.co.uk/,Primary,Community School,330,2438,"{""type"":""Point"",""coordinates"":[-1.87193377278859,52.4123061754232]}"
Highters Heath Nursery School,11 School Road,B14 4BH,408850,279463,http://www.hiheathn.bham.sch.uk/,Nursery,LA Nursery School,330,1021,"{""type"":""Point"",""coordinates"":[-1.8713139805948,52.413105660472]}"
Hill West Primary School,Clarence Road,B74 4LD,410721,299761,http://www.hillwest.bham.sch.uk/,Primary,Academy Converter,330,3429,"{""type"":""Point"",""coordinates"":[-1.843174902387,52.5955493253094]}"
Hillcrest School A Specialist Maths and Computing College and Sixth Form Centre,Stonehouse Lane,B32 3AE,401291,283086,http://www.hillcrest.bham.sch.uk/,Secondary,Academy Converter,330,4012,"{""type"":""Point"",""coordinates"":[-1.98244689416877,52.4457538997229]}"
Hillstone Primary School,Hillstone Road,B34 7PY,415976,288400,http://www.hillstone.org.uk/,Primary,Academy Converter,330,2434,"{""type"":""Point"",""coordinates"":[-1.76612490867259,52.4932973721982]}"
Hodge Hill College,Bromford Road,B36 8HB,412281,289312,http://www.hodgehill.bham.sch.uk/,Secondary,Community School,330,4201,"{""type"":""Point"",""coordinates"":[-1.82052796298874,52.50158216384]}"
Hodge Hill Girls' School,Bromford Road,B36 8EY,412465,289425,http://www.hodgehgs.bham.sch.uk/,Secondary,Community School,330,4015,"{""type"":""Point"",""coordinates"":[-1.81779857375273,52.5025938414656]}"
Hodge Hill Primary School,Twycross Grove,B36 8LD,412584,289348,http://www.hodgehillprimary.bham.sch.uk/,Primary,Community School,330,3430,"{""type"":""Point"",""coordinates"":[-1.81604838803783,52.5018989325471]}"
Holland House Infant School and Nursery,Holland Road,B72 1RE,412193,295605,http://www.hollandh.bham.sch.uk/,Infants,Community School,330,2429,"{""type"":""Point"",""coordinates"":[-1.82159561854418,52.5581571511392]}"
Holly Hill Methodist CofE Infant School,New Street,B45 0EU,398943,278510,http://www.hollyhill.bham.sch.uk/,Infants,Voluntary Aided School,330,3411,"{""type"":""Point"",""coordinates"":[-2.016961540168,52.4046154648001]}"
Hollyfield Primary School,Hollyfield Road,B75 7SG,413574,296024,http://www.hollyfield.bham.sch.uk/,Primary,Foundation School,330,2474,"{""type"":""Point"",""coordinates"":[-1.80119395435263,52.5618914559009]}"
Hollywood Primary School,Pickenham Road,B14 4TG,408310,278343,http://www.hollywoodprimaryschool.co.uk/,Primary,Community School,330,2288,"{""type"":""Point"",""coordinates"":[-1.87928038589667,52.4030451654292]}"
Holte School,Wheeler Street,B19 2EP,406869,289180,http://www.holte.bham.sch.uk/,Secondary,Community School,330,4223,"{""type"":""Point"",""coordinates"":[-1.90024162869329,52.5004893010863]}"
Holy Cross Catholic Primary School,Laburnum Drive,B76 2SP,414129,295387,http://www.holycros.bham.sch.uk/,Primary,Academy Converter,330,3402,"{""type"":""Point"",""coordinates"":[-1.79304850895033,52.5561599044269]}"
Holy Family Catholic Primary School,Coventry Road,B10 0HT,410560,285301,http://www.holyfam.bham.sch.uk/,Primary,Voluntary Aided School,330,3317,"{""type"":""Point"",""coordinates"":[-1.84600614218938,52.4655592468413]}"
Holy Souls Catholic Primary School,Mallard Close,B27 6BN,412405,283281,http://www.holysoul.bham.sch.uk/page/default.asp?title=Home&pid=1,Primary,Voluntary Aided School,330,3327,"{""type"":""Point"",""coordinates"":[-1.8189089369091,52.4473611191363]}"
Holy Trinity Catholic Media Arts College,Oakley Road,B10 0AX,409331,285504,http://www.holytrc.bham.sch.uk/,Secondary,Voluntary Aided School,330,4664,"{""type"":""Point"",""coordinates"":[-1.86407579736368,52.467406323306]}"
Holy Trinity CE Primary Academy (Handsworth),Havelock Road,B20 3LP,406420,290619,http://www.htcepa.bham.sch.uk/,Primary,Academy Converter,330,3303,"{""type"":""Point"",""coordinates"":[-1.90684327688107,52.5134311399177]}"
Holyhead School,Milestone Lane,B21 0HN,403719,289706,http://www.holyheadschool.org.uk/,Secondary,Academy Converter,330,4241,"{""type"":""Point"",""coordinates"":[-1.94663838990152,52.5052478869026]}"
Hunters Hill Technology College,Spirehouse Lane,B60 1QD,398834,272567,http://www.huntershill.org.uk/,Special,Community School,330,7026,"{""type"":""Point"",""coordinates"":[-2.01854094752349,52.3511869912492]}"
Jakeman Nursery School,Jakeman Road,B12 9NX,407244,284369,http://www.jakeman.bham.sch.uk/,Nursery,LA Nursery School,330,1023,"{""type"":""Point"",""coordinates"":[-1.89483503876611,52.4572428876491]}"
James Brindley School,Bell Barn Road,B15 2AF,406437,285719,http://www.jamesbrindley.bham.sch.uk/,Special,Academy Special Converter,330,7063,"{""type"":""Point"",""coordinates"":[-1.90668571787619,52.4693803219652]}"
James Watt Primary School,Boulton Road,B21 0RE,404220,289120,http://www.jameswattp.bham.sch.uk/,Primary,Community School,330,2015,"{""type"":""Point"",""coordinates"":[-1.93927925818629,52.499985231165]}"
Jervoise School,Jervoise Road,B29 5QU,402212,282496,http://www.jervoise.bham.sch.uk/,Primary,Academy Converter,330,2111,"{""type"":""Point"",""coordinates"":[-1.968900245708,52.4404470323797]}"
John Willmott School,Reddicap Heath Road,B75 7DY,413956,295869,http://www.jws.bham.sch.uk/,Secondary,Community School,330,4301,"{""type"":""Point"",""coordinates"":[-1.79558003009355,52.560497421829]}"
King David Junior and Infant School,Alcester Road,B13 8EY,407540,282886,http://www.kingdavid.bham.sch.uk/,Primary,Voluntary Aided School,330,3352,"{""type"":""Point"",""coordinates"":[-1.89051198504865,52.4438978513091]}"
King Edward VI Aston School,Frederick Road,B6 6DJ,407860,289535,http://web.keaston.bham.sch.uk/,Secondary,Academy Converter,330,5408,"{""type"":""Point"",""coordinates"":[-1.88564975280224,52.5036675501231]}"
King Edward VI Camp Hill School for Boys,Vicarage Road,B14 7QJ,406676,281426,http://www.camphillboys.bham.sch.uk/,Secondary,Academy Converter,330,5407,"{""type"":""Point"",""coordinates"":[-1.90323716543681,52.43078345612]}"
King Edward VI Camp Hill School for Girls,Vicarage Road,B14 7QJ,406740,281461,http://www.kechg.org.uk/,Secondary,Academy Converter,330,5406,"{""type"":""Point"",""coordinates"":[-1.90229520757097,52.4310973354357]}"
King Edward VI Five Ways School,Scotland Lane,B32 4BT,400143,281569,http://fwgs.kefw.org/,Secondary,Academy Converter,330,5405,"{""type"":""Point"",""coordinates"":[-1.99932249402673,52.43210834603]}"
King Edward VI Handsworth School,Rose Hill Road,B21 9AR,405302,289410,http://www.kingedwardvi.bham.sch.uk/,Secondary,Academy Converter,330,5404,"{""type"":""Point"",""coordinates"":[-1.92333606980782,52.502583071402]}"
King Edward VI Sheldon Heath Academy,Sheldon Heath Road,B26 2RZ,415137,285653,http://www.keshacademy.com/,Secondary,Academy Sponsor Led,330,6906,"{""type"":""Point"",""coordinates"":[-1.7786206203843,52.4686169908439]}"
King Solomon International Business School,Faraday Wharf,B7 4BB,407754,287865,http://kingsolomonibs.com/,All Through,Free Schools,330,4020,"{""type"":""Point"",""coordinates"":[-1.887234903871,52.4886648431061]}"
King's Norton Boys' School,Northfield Road,B30 1DY,404070,279907,http://www.kingsnortonboys.bham.sch.uk/,Secondary,Foundation School,330,5415,"{""type"":""Point"",""coordinates"":[-1.94158332532385,52.4171615746805]}"
Kings Heath Boys,Hollybank Road,B13 0RJ,408232,280606,http://www.kingsheathboys.co.uk/,Secondary,Community School,330,4063,"{""type"":""Point"",""coordinates"":[-1.88037192898549,52.4233997038327]}"
Kings Heath Primary School,Valentine Road,B14 7AJ,407592,282133,http://www.kingsheathprimary.com/,Primary,Community School,330,2005,"{""type"":""Point"",""coordinates"":[-1.88976376064569,52.4371366190905]}"
Kings Norton Girls' School,Selly Oak Road,B30 1HW,404500,280310,http://www.kngs.co.uk/,Secondary,Academy Converter,330,5414,"{""type"":""Point"",""coordinates"":[-1.93526520234519,52.4207799862808]}"
Kings Norton Junior and Infant School,Pershore Road South,B30 3EU,405024,278906,http://www.kngnrtn.bham.sch.uk/,Primary,Community School,330,2118,"{""type"":""Point"",""coordinates"":[-1.92758292648326,52.4081458866617]}"
Kings Norton Nursery School,Westhill Road,B38 8SY,404517,279360,http://www.kingsnortonnurseryschool.org.uk/,Nursery,LA Nursery School,330,1016,"{""type"":""Point"",""coordinates"":[-1.93501825554378,52.4122316770942]}"
Kings Rise Academy,Hornsey Road,B44 0JL,408535,294635,http://www.kingrise.bham.sch.uk/,Primary,Academy Sponsor Led,330,2073,"{""type"":""Point"",""coordinates"":[-1.87556182979105,52.5495058456117]}"
Kingsbury School and Sports College,Kingsbury Road,B24 8RE,411076,290747,http://www.kingsbury.bham.sch.uk/,Secondary,Community School,330,4330,"{""type"":""Point"",""coordinates"":[-1.83823183965747,52.5145081732541]}"
Kingsland Primary School (NC),Kingsland Road,B44 9PU,407712,295533,http://www.kingsland.bham.sch.uk/,Primary,Community School,330,2115,"{""type"":""Point"",""coordinates"":[-1.88767827869456,52.5575908380646]}"
Kingsthorne Primary School,Cranbourne Road,B44 0BX,408070,294053,http://www.kingsthorneprimary.co.uk/,Primary,Community School,330,2441,"{""type"":""Point"",""coordinates"":[-1.88244791223413,52.5442897228163]}"
Kitwell Primary School and Nursery Class,Wychbury Road,B32 4DL,399424,281435,http://kitwellschool.com/,Primary,Community School,330,2321,"{""type"":""Point"",""coordinates"":[-2.00989739804487,52.4309122130295]}"
Ladypool Primary School,Stratford Road,B11 1QT,408643,284809,http://www.ladypool.bham.sch.uk/,Primary,Community School,330,2189,"{""type"":""Point"",""coordinates"":[-1.87423552009382,52.4611694822201]}"
Lakey Lane Junior and Infant School,Lakey Lane,B28 8RY,411593,281518,http://www.lakeyln.bham.sch.uk/,Primary,Community School,330,2119,"{""type"":""Point"",""coordinates"":[-1.83091651763247,52.4315383801671]}"
Langley School,Trinity Road,B75 6TJ,411921,298045,http://www.langley.bham.sch.uk/,Special,Foundation School,330,7060,"{""type"":""Point"",""coordinates"":[-1.82551112398344,52.5800995256501]}"
Lea Forest Primary Academy,Hurstcroft Road,B33 9RD,414618,287267,http://leaforestacademy.org/,Primary,Academy Sponsor Led,330,2096,"{""type"":""Point"",""coordinates"":[-1.78617548507173,52.4831496619188]}"
Leigh Primary School,Leigh Road,B8 2YH,410468,288867,http://www.leighji.bham.sch.uk/,Primary,Academy Converter,330,2453,"{""type"":""Point"",""coordinates"":[-1.84724953012375,52.4976190545292]}"
Lillian de Lissa Nursery School,Bellevue,B5 7LX,406911,285280,http://www.ldelissa.bham.sch.uk/,Nursery,LA Nursery School,330,1024,"{""type"":""Point"",""coordinates"":[-1.8997024184248,52.4654369742163]}"
Lindsworth School,Monyhull Hall Road,B30 3QA,406500,279150,http://www.lindsworth.co.uk,Special,Community School,330,7062,"{""type"":""Point"",""coordinates"":[-1.90588380329993,52.4103242426655]}"
Little Sutton Primary School,Worcester Lane,B75 5NL,412829,299487,http://www.littlesu.bham.sch.uk/,Primary,Foundation School,330,2462,"{""type"":""Point"",""coordinates"":[-1.81205089167428,52.5930408932536]}"
Longwill A Primary School for Deaf Children,Bell Hill,B31 1LD,402055,280131,http://www.longwill.bham.sch.uk/,Special,Community School,330,7012,"{""type"":""Point"",""coordinates"":[-1.97120892587369,52.419177256103]}"
Lordswood Boys' School,Hagley Road,B17 8BJ,402471,286011,http://www.lordswoodboys.co.uk/,Secondary,Academy Converter,330,4057,"{""type"":""Point"",""coordinates"":[-1.96506532136963,52.4720458346659]}"
Lordswood Girls' School and Sixth Form Centre,Knightlow Road,B17 8QB,402476,285730,http://www.lordswoodgirls.co.uk/,Secondary,Academy Converter,330,4060,"{""type"":""Point"",""coordinates"":[-1.96499375169869,52.4695196353574]}"
Lozells Junior and Infant School and Nursery,Wheeler Street,B19 2EP,406865,289087,http://www.lozells.bham.sch.uk/,Primary,Community School,330,2127,"{""type"":""Point"",""coordinates"":[-1.90031709639173,52.4996622585944]}"
Lyndon Green Infant School,Wychwood Cresent,B26 1LZ,414043,284716,http://www.lyndongi.bham.sch.uk/,Infants,Community School,330,2129,"{""type"":""Point"",""coordinates"":[-1.79475336444093,52.4602268884406]}"
Lyndon Green Junior School,Wensley Road,B26 1LU,413978,284751,http://web.lyndongreen-jun.bham.sch.uk/,Juniors,Community School,330,2128,"{""type"":""Point"",""coordinates"":[-1.79570409105898,52.4605476748547]}"
Maney Hill Primary School,Maney Hill Road,B72 1JU,412566,294772,http://www.maneyhill.bham.sch.uk/,Primary,Community School,330,2420,"{""type"":""Point"",""coordinates"":[-1.81611036659118,52.5506602105104]}"
Manor Park Primary School,Church Lane,B6 5UQ,408422,289607,http://www.manorpark.bham.sch.uk/,Primary,Foundation School,330,5204,"{""type"":""Point"",""coordinates"":[-1.87736856687896,52.5043155374569]}"
Mansfield Green E-ACT Academy,Albert Road,B6 5NH,407045,289533,http://www.manfldgn.bham.sch.uk/,Primary,Academy Sponsor Led,330,2075,"{""type"":""Point"",""coordinates"":[-1.8976489245197,52.5036677193585]}"
Mapledene Primary School,Mapledene Road,B26 3XE,415980,284633,http://www.mapledene.bham.sch.uk/,Primary,Community School,330,2004,"{""type"":""Point"",""coordinates"":[-1.76624533601316,52.4594234370717]}"
Marlborough Infant School,Marlborough Road,B10 9NY,410330,286219,http://www.malbrghi.bham.sch.uk/,Infants,Community School,330,2132,"{""type"":""Point"",""coordinates"":[-1.84936107815764,52.4738191202499]}"
Marlborough Junior School,Green Lane,B10 9NY,410329,286255,http://www.mjs.bham.sch.uk/,Juniors,Community School,330,2283,"{""type"":""Point"",""coordinates"":[-1.84937490386829,52.4741431337777]}"
Marsh Hill Nursery School,275 Marsh Hill,B23 7HG,408856,291861,http://www.marshiln.bham.sch.uk/,Nursery,LA Nursery School,330,1012,"{""type"":""Point"",""coordinates"":[-1.87091555737265,52.5245630051241]}"
Marsh Hill Primary School,Marsh Hill,B23 7HY,409061,291928,http://www.marshill.bham.sch.uk/,Primary,Community School,330,2133,"{""type"":""Point"",""coordinates"":[-1.86789228672439,52.5251709050695]}"
Maryvale Catholic Primary School,Old Oscott Hill,B44 9AG,407414,294461,http://www.maryvaleprimary.org.uk/,Primary,Voluntary Aided School,330,3322,"{""type"":""Point"",""coordinates"":[-1.89209737850309,52.5479577891515]}"
Mayfield School,Heathfield Road,B19 1HJ,406208,289693,http://www.mayfield.bham.sch.uk/,Special,Community School,330,7040,"{""type"":""Point"",""coordinates"":[-1.90998403614262,52.5051178438778]}"
Mere Green Primary School,Mere Green Road,B75 5BL,411743,298969,http://www.meregrn.bham.sch.uk/,Primary,Academy Converter,330,2463,"{""type"":""Point"",""coordinates"":[-1.82811519384802,52.5884085211316]}"
Merritts Brook Primary E-ACT Academy,Trescott Road,B31 5QD,400640,279210,http://merrittsbrooke-actacademy.org.uk/,Primary,Academy Sponsor Led,330,2100,"{""type"":""Point"",""coordinates"":[-1.99202804922732,52.4109041316892]}"
Minworth Junior and Infant School,Water Orton Lane,B76 9BU,415797,292243,http://www.minworth.bham.sch.uk/,Primary,Community School,330,2406,"{""type"":""Point"",""coordinates"":[-1.76859485883992,52.5278505178653]}"
Montgomery Primary Academy,White Road,B11 1EH,409226,285071,http://www.montgomeryprimaryacademy.org/,Primary,Academy Sponsor Led,330,2070,"{""type"":""Point"",""coordinates"":[-1.86564787598774,52.4635243836656]}"
Moor Green Primary School,Moor Green Lane,B13 8QP,406346,282236,http://www.moorgreenprimary.co.uk/,Primary,Academy Sponsor Led,330,2078,"{""type"":""Point"",""coordinates"":[-1.9080902803689,52.4380692210063]}"
Moor Hall Primary School,Rowallan Road,B75 6RE,412637,298751,http://www.moorhall.bham.sch.uk/,Primary,Foundation School,330,2416,"{""type"":""Point"",""coordinates"":[-1.81491632806636,52.5864289104718]}"
Moseley Church of England Primary School,Oxford Road,B13 9EH,407957,282793,http://www.moseleyce.bham.sch.uk/,Primary,Voluntary Aided School,330,3003,"{""type"":""Point"",""coordinates"":[-1.88437921960571,52.4430559296814]}"
Moseley School,Wake Green Road,B13 9UU,409520,282607,http://www.moseley.bham.sch.uk/,Secondary,Foundation School,330,4245,"{""type"":""Point"",""coordinates"":[-1.86139001450341,52.4413591693637]}"
Nansen Primary School,Naseby Road,B8 3HG,410641,288179,http://www.nansen.bham.sch.uk/,Primary,Academy Sponsor Led,330,2038,"{""type"":""Point"",""coordinates"":[-1.84470830202742,52.4914396333569]}"
Nechells Primary E-ACT Academy,Eliot Street,B7 5LB,409383,289576,http://www.nechellse-actacademy.org.uk/,Primary,Academy Sponsor Led,330,2048,"{""type"":""Point"",""coordinates"":[-1.86321175955212,52.5040213616751]}"
Nelson Junior and Infant School,King Edward's Road,B1 2PJ,405756,287019,http://www.nelson.bham.sch.uk/,Primary,Community School,330,2142,"{""type"":""Point"",""coordinates"":[-1.91668843316781,52.4810746993321]}"
Nelson Mandela School,Colville Road,B12 8EH,408622,284281,http://www.nelsonmandelaschool.co.uk/home,Primary,Community School,330,2457,"{""type"":""Point"",""coordinates"":[-1.87455805071446,52.4564231173917]}"
New Hall Primary and Children's Centre,Langley Hall Drive,B75 7NQ,414967,296439,http://www.newhall.bham.sch.uk/,Primary,Community School,330,2469,"{""type"":""Point"",""coordinates"":[-1.78064134758265,52.5655860168699]}"
New Oscott Primary School,Markham Road,B73 6QR,409325,295271,http://www.newoscott.bham.sch.uk/,Primary,Community School,330,3431,"{""type"":""Point"",""coordinates"":[-1.86389377331869,52.5552195530636]}"
Newtown Nursery School,Hockley Close,B19 2NS,406856,288824,http://www.newtownn.bham.sch.uk/,Nursery,LA Nursery School,330,1028,"{""type"":""Point"",""coordinates"":[-1.90044037351195,52.497289069441]}"
"Ninestiles School, an Academy",Hartfield Crescent,B27 7QG,411477,282392,http://www.ninestiles.org.uk/,Secondary,Academy Converter,330,5411,"{""type"":""Point"",""coordinates"":[-1.83259291410692,52.4393980490155]}"
Nishkam High School,Great King Street North,B19 2LF,406384,288647,http://www.nishkamschooltrust.org/,Secondary,Free Schools,330,4004,"{""type"":""Point"",""coordinates"":[-1.90741084169991,52.4957034976313]}"
Nishkam Primary School Birmingham,1-7 Soho Road,B21 9SN,405244,289228,http://www.nishkamschooltrust.org/overview-primary/,Primary,Free Schools,330,2032,"{""type"":""Point"",""coordinates"":[-1.92417866840689,52.5009474644105]}"
Nonsuch Primary School,Wood Leasow,B32 3SE,400580,282921,http://www.nonsuchprimaryschool.co.uk/,Primary,Community School,330,2315,"{""type"":""Point"",""coordinates"":[-1.99289322493991,52.444262686987]}"
North Birmingham Academy,395 College Road,B44 0HF,408600,292897,http://www.nbacademy.org.uk/,Secondary,Academy Sponsor Led,330,6909,"{""type"":""Point"",""coordinates"":[-1.87465049744939,52.5338849668827]}"
Northfield Manor Primary Academy,Swarthmore Road,B29 4JT,402679,281292,http://www.nthfdman.bham.sch.uk/,Primary,Academy Converter,330,2263,"{""type"":""Point"",""coordinates"":[-1.96203947300961,52.4296210987738]}"
Oasis Academy Blakenhale Infants,Blakenhale Road,B33 0XD,414880,286268,http://www.oasisacademyblakenhaleinfants.org/,Infants,Academy Sponsor Led,330,2102,"{""type"":""Point"",""coordinates"":[-1.78237641597525,52.4741617242502]}"
Oasis Academy Blakenhale Junior,Homestead Road,B33 0XG,414851,286183,http://www.oasisacademyblakenhalejunior.org/,Juniors,Academy Sponsor Led,330,2107,"{""type"":""Point"",""coordinates"":[-1.78280712329953,52.473389417396]}"
Oasis Academy Boulton,Boulton Road,B21 0RE,404271,289288,http://www.oasisacademyboulton.org/,Primary,Academy Sponsor Led,330,2117,"{""type"":""Point"",""coordinates"":[-1.93851127351381,52.5014861741767]}"
Oasis Academy Foundry,Foundry Road,B18 4LP,404067,288488,http://www.foundry.bham.sch.uk/,Primary,Academy Sponsor Led,330,2141,"{""type"":""Point"",""coordinates"":[-1.94154062446029,52.4942957477481]}"
Oasis Academy Hobmoor,Wash Lane,B25 8FD,412351,285491,http://www.oasisacademyhobmoor.org/,Primary,Academy Sponsor Led,330,2110,"{""type"":""Point"",""coordinates"":[-1.81963704147548,52.4672355047763]}"
Oasis Academy Short Heath,Streetly Road,B23 5JP,409689,292925,http://www.oasisacademyshortheath.org/,Primary,Academy Sponsor Led,330,2103,"{""type"":""Point"",""coordinates"":[-1.85860738783969,52.5341141756549]}"
Oasis Academy Woodview,Woodview Drive,B15 2HU,406494,285470,http://www.oasisacademywoodview.org/,Primary,Academy Sponsor Led,330,2105,"{""type"":""Point"",""coordinates"":[-1.90583675103964,52.4671411587936]}"
Osborne Nursery School,Station Road,B23 6UB,411129,292158,http://www.osbornenurseryschool.co.uk/,Nursery,LA Nursery School,330,1049,"{""type"":""Point"",""coordinates"":[-1.83738939567057,52.5272007271608]}"
Osborne Primary School,Station Road,B23 6UB,411070,292167,http://www.osborne-pri.bham.sch.uk/,Primary,Community School,330,2436,"{""type"":""Point"",""coordinates"":[-1.83825877193044,52.5272828015989]}"
Oscott Manor School,Old Oscott Hill,B44 9SP,407390,294358,http://www.oscottmanor.bham.sch.uk/,Special,Community School,330,7053,"{""type"":""Point"",""coordinates"":[-1.89245355712944,52.547041139604]}"
Our Lady and St Rose of Lima Catholic Primary School,Gregory Avenue,B29 5DY,402640,282002,http://www.olstrose.bham.sch.uk/,Primary,Voluntary Aided School,330,3351,"{""type"":""Point"",""coordinates"":[-1.96259544533779,52.4359968864679]}"
Our Lady of Fatima Catholic Primary School,Winchfield Drive,B17 8TR,401731,285421,http://www.olfatima.bham.sch.uk/,Primary,Academy Converter,330,3374,"{""type"":""Point"",""coordinates"":[-1.97594738977514,52.4667444239543]}"
Our Lady of Lourdes Catholic Primary School (NC),Trittiford Road,B13 0EU,409595,280480,http://www.ourladyoflourdesprimary.com/,Primary,Voluntary Aided School,330,3328,"{""type"":""Point"",""coordinates"":[-1.86033236163312,52.4222361087643]}"
Our Lady's Catholic Primary School,East Meadway,B33 0AU,415782,286927,http://www.ourladys.bham.sch.uk/,Primary,Voluntary Aided School,330,3357,"{""type"":""Point"",""coordinates"":[-1.76906615105727,52.480060937419]}"
Paganel Primary School,Swinford Road,B29 5TG,402230,282911,http://paganelschool.com/,Primary,Community School,330,2021,"{""type"":""Point"",""coordinates"":[-1.96861816481543,52.4441778255691]}"
Paget Primary School,Paget Road,B24 0JP,412460,291569,http://www.paget.bham.sch.uk/,Primary,Community School,330,2149,"{""type"":""Point"",""coordinates"":[-1.81779258539503,52.5218771728008]}"
Park Hill Primary School,Alcester Road,B13 8BB,407712,283660,http://www.parkhill.bham.sch.uk/,Primary,Community School,330,2150,"{""type"":""Point"",""coordinates"":[-1.88796391096919,52.450853726199]}"
Parkfield Community School,Parkfield Road,B8 3AX,410318,287495,http://www.parkfield.bham.sch.uk/,Primary,Academy Converter,330,2458,"{""type"":""Point"",""coordinates"":[-1.84948638449417,52.4852877323601]}"
Pegasus Primary School,Turnhouse Road,B35 6PR,414848,291474,http://www.pegasusprimary.co.uk,Primary,Academy Converter,330,2452,"{""type"":""Point"",""coordinates"":[-1.78261715750156,52.5209638256932]}"
Penns Primary School,Berwood Road,B72 1BS,412545,292802,http://www.pennsji.bham.sch.uk/,Primary,Community School,330,2425,"{""type"":""Point"",""coordinates"":[-1.81650847508907,52.53295970836]}"
Percy Shurmer Academy,Longmore Street,B12 9ED,407458,285109,http://www.percyshurmeracademy.org/,Primary,Academy Sponsor Led,330,2057,"{""type"":""Point"",""coordinates"":[-1.8916694250316,52.463892616386]}"
Perry Beeches II The Free School,Newhall Street,B3 1SJ,406394,287322,http://www.perrybeechesii.co.uk/,Secondary,Free Schools,330,4002,"{""type"":""Point"",""coordinates"":[-1.9072884931883,52.4837917189239]}"
Perry Beeches III The Free School,"Langley Point, Zone 10c, Bath Row",B15 1LZ,406317,286062,http://www.perrybeechesiii.co.uk/welcome-to-our-website/,Secondary,Free Schools,330,4011,"{""type"":""Point"",""coordinates"":[-1.90844578681963,52.4724652704016]}"
Perry Beeches Infant School,Beeches Road,B42 2PY,406423,293635,http://www.perrybeeches-inf.bham.sch.uk/,Infants,Community School,330,2017,"{""type"":""Point"",""coordinates"":[-1.90674182327537,52.5405535198972]}"
Perry Beeches IV - The Free School,"St George's Court, 1 Albion Street",B1 3AA,405869,287381,http://www.perrybeechesiv.co.uk/,Secondary,Free Schools,330,4016,"{""type"":""Point"",""coordinates"":[-1.91500606765536,52.4843359269839]}"
Perry Beeches Junior School,Beeches Road,B42 2PY,406385,293686,http://www.perrybj.bham.sch.uk/,Juniors,Community School,330,2016,"{""type"":""Point"",""coordinates"":[-1.90728647568345,52.5410034908105]}"
Perry Beeches Nursery School,256 Beeches Road,B42 2PX,406357,293534,http://www.perrybn.bham.sch.uk/,Nursery,LA Nursery School,330,1008,"{""type"":""Point"",""coordinates"":[-1.90770216122384,52.539646283377]}"
Perry Beeches the Academy,Beeches Road,B42 2PY,406307,293655,http://www.perrybs.bham.sch.uk/,Secondary,Academy Converter,330,4109,"{""type"":""Point"",""coordinates"":[-1.90845180682921,52.5407256988031]}"
Perry Beeches V - The All Through Family School,Talbot Way,B10 0HJ,410547,284979,http://www.perrybeechesv.co.uk/,All Through,Free Schools,330,4019,"{""type"":""Point"",""coordinates"":[-1.846206135692,52.4626656477823]}"
Plantsbrook School,Upper Holland Road,B72 1RB,412397,295666,http://web.plantsbrookschool.co.uk/,Secondary,Academy Converter,330,4331,"{""type"":""Point"",""coordinates"":[-1.81856958353748,52.5587098625733]}"
Priestley Smith School,"Perry Beeches Campus, Beeches Road",B42 2PY,406360,293632,http://www.priestleysmith.co.uk/,Special,Community School,330,7034,"{""type"":""Point"",""coordinates"":[-1.90767077970669,52.5405272840229]}"
Prince Albert Junior and Infant School,Albert Road,B6 5NH,407346,289594,http://www.princealbert.bham.sch.uk/,Primary,Academy Converter,330,2003,"{""type"":""Point"",""coordinates"":[-1.89322066642897,52.5042050363388]}"
Princethorpe Infant School,Princethorpe Road,B29 5QB,402219,282005,http://www.princethorpeinfants.org.uk/,Infants,Community School,330,2156,"{""type"":""Point"",""coordinates"":[-1.96878567954316,52.4360329075737]}"
Princethorpe Junior School,Princethorpe Road,B29 5QB,402201,282039,http://www.princethorpejuniors.org.uk/,Juniors,Community School,330,2155,"{""type"":""Point"",""coordinates"":[-1.96906489699753,52.4363386428007]}"
Queensbridge School,Queensbridge Road,B13 8QB,407343,282575,http://www.queensbridge.bham.sch.uk/,Secondary,Foundation School,330,4173,"{""type"":""Point"",""coordinates"":[-1.89340229480892,52.4411045790907]}"
Queensbury School,Wood End Road,B24 8BL,410933,291006,http://www.queensburysch.com/,Special,Community School,330,7036,"{""type"":""Point"",""coordinates"":[-1.84033060514852,52.5168483549124]}"
Quinton Church Primary School,Hagley Road West,B32 1AJ,399465,284757,http://www.quinton.bham.sch.uk/,Primary,Voluntary Controlled School,330,3004,"{""type"":""Point"",""coordinates"":[-2.00931552955027,52.4607770640833]}"
Raddlebarn Primary School,Gristhorpe Road,B29 7TD,405015,282095,http://www.raddlebarn.co.uk/,Primary,Community School,330,2157,"{""type"":""Point"",""coordinates"":[-1.92765682176381,52.4368151651834]}"
Reach School,Kings Heath High Street,B14 7BB,407407,282215,http://www.reachschool.co.uk/,Alternative,Free Schools,330,1107,"{""type"":""Point"",""coordinates"":[-1.89246864465185,52.4378762535489]}"
Reaside Academy,Tresco Close,B45 0HY,398334,278178,http://www.reasideacademy.com/,Juniors,Academy Sponsor Led,330,2080,"{""type"":""Point"",""coordinates"":[-2.02591733965899,52.4016255624258]}"
Redhill Junior and Infant School,Redhill Road,B25 8HQ,411421,284986,http://www.redhill.bham.sch.uk/,Primary,Community School,330,2159,"{""type"":""Point"",""coordinates"":[-1.83334358848091,52.4627102750721]}"
Rednal Hill Infant School,Irwin Avenue,B45 8QY,400077,277063,http://www.rednalhill-inf.bham.sch.uk/,Infants,Community School,330,2161,"{""type"":""Point"",""coordinates"":[-2.00029269337981,52.3915991278137]}"
Rednal Hill Junior School,Irwin Avenue,B45 8QY,399996,277029,http://www.rednalhill-jun.bham.sch.uk/,Juniors,Community School,330,2160,"{""type"":""Point"",""coordinates"":[-2.0014976020228,52.3912934495815]}"
Regents Park Community Primary School,Arthur Street,B10 0NJ,408998,285906,http://www.rgntpark.bham.sch.uk/,Primary,Community School,330,2063,"{""type"":""Point"",""coordinates"":[-1.86896680068176,52.4710347415866]}"
Robin Hood Academy,Pitmaston Road,B28 9PP,411551,280899,http://www.robinhoodprimary.com/,Primary,Academy Converter,330,2460,"{""type"":""Point"",""coordinates"":[-1.8315701328319,52.4259655505864]}"
Rockwood Academy,Naseby Road,B8 3HG,410519,288115,http://www.rockwood-academy.co.uk/,Secondary,Academy Converter,330,4323,"{""type"":""Point"",""coordinates"":[-1.84651358159853,52.490862926963]}"
Rookery School,Rookery Road,B21 9PY,404249,290355,http://www.rookeryschool.co.uk/,Primary,Academy Converter,330,2481,"{""type"":""Point"",""coordinates"":[-1.93883677077124,52.5110875230344]}"
Rubery Nursery School,Leybrook Road,B45 9PB,399918,277728,http://www.ruberyn.bham.sch.uk,Nursery,LA Nursery School,330,1018,"{""type"":""Point"",""coordinates"":[-2.00264417247096,52.3975774968433]}"
Sacred Heart Catholic School,Earlsbury Gardens,B20 3AE,406819,290177,http://www.sacredheart.bham.sch.uk/,Primary,Voluntary Aided School,330,3409,"{""type"":""Point"",""coordinates"":[-1.90097274772651,52.5094618049894]}"
Saint Barnabas Church of England Primary School,Spring Lane,B24 9BY,411470,291450,http://www.stbarnabaserdington.com/,Primary,Voluntary Aided School,330,3302,"{""type"":""Point"",""coordinates"":[-1.83238734517457,52.5208199517366]}"
Saltley Academy,Belchers Lane,B9 5RX,411506,287348,http://www.saltley.bham.sch.uk/,Secondary,Academy Sponsor Led,330,4018,"{""type"":""Point"",""coordinates"":[-1.83199715413884,52.4839516319129]}"
Selly Oak Nursery School,26 Tiverton Road,B29 6BP,404591,282925,http://www.sellyoak-nur.bham.sch.uk/,Nursery,LA Nursery School,330,1000,"{""type"":""Point"",""coordinates"":[-1.93389137190837,52.444288623819]}"
Selly Oak Trust School,Oak Tree Lane,B29 6HZ,404294,281903,http://www.sellyoak.bham.sch.uk/,Special,Foundation School,330,7033,"{""type"":""Point"",""coordinates"":[-1.93827953534291,52.4351040145674]}"
Selly Park Technology College for Girls,5 Selly Park Road,B29 7PH,405625,282071,http://www.sellyprk.bham.sch.uk/,Secondary,Community School,330,4177,"{""type"":""Point"",""coordinates"":[-1.91869893076582,52.4366025696651]}"
Severne Junior Infant and Nursery School,Severne Road,B27 7HR,412204,281781,http://www.severne.bham.sch.uk/,Primary,Community School,330,2169,"{""type"":""Point"",""coordinates"":[-1.82193516546041,52.4338896453719]}"
Shaw Hill Primary School,Anthony Road,B8 3AN,410628,287770,http://www.shawhill.bham.sch.uk/,Primary,Community School,330,2008,"{""type"":""Point"",""coordinates"":[-1.84491418034112,52.4877584929085]}"
Shenley Academy,Shenley Lane,B29 4HE,401668,281322,http://www.shenleyacademy.org/,Secondary,Academy Sponsor Led,330,6907,"{""type"":""Point"",""coordinates"":[-1.97690843765083,52.4298856227696]}"
Shenley Fields Nursery School,Farwood Road,B31 1BU,401189,281429,http://www.shenleyfields.com,Nursery,LA Nursery School,330,1038,"{""type"":""Point"",""coordinates"":[-1.98395288674858,52.4308540896945]}"
Skilts School,Gorcott Hill,B98 9ET,409453,267757,http://www.skilts.bham.sch.uk/,Special,Community School,330,7037,"{""type"":""Point"",""coordinates"":[-1.86278903877803,52.3078574540963]}"
Slade Primary School,Slade Road,B23 7PX,409734,290646,http://www.slade.bham.sch.uk/,Primary,Academy Sponsor Led,330,2037,"{""type"":""Point"",""coordinates"":[-1.85800989624215,52.5136255089781]}"
Sladefield Infant School,Bamville Road,B8 2TJ,411483,288289,http://www.slfield.bham.sch.uk/,Infants,Community School,330,2174,"{""type"":""Point"",""coordinates"":[-1.83231835512396,52.4924116388686]}"
Small Heath School,Muntz Street,B10 9RX,409802,285935,http://www.smallheathschool.org.uk/,Secondary,Foundation School,330,5401,"{""type"":""Point"",""coordinates"":[-1.85714493161068,52.4712728266996]}"
Somerville Primary (NC) School,Somerville Road,B10 9EN,409939,285898,http://web.somerville.bham.sch.uk/,Primary,Community School,330,2176,"{""type"":""Point"",""coordinates"":[-1.85512922552367,52.4709377572459]}"
Springfield House Community Special School,Kenilworth Road,B93 0AJ,420202,276192,http://www.spfldhs.bham.sch.uk/,Special,Community School,330,7047,"{""type"":""Point"",""coordinates"":[-1.70461690459625,52.3834094830564]}"
Springfield Primary School,Springfield Road,B13 9NY,409710,282827,http://www.springf.bham.sch.uk/,Primary,Community School,330,3413,"{""type"":""Point"",""coordinates"":[-1.85857827216407,52.4433345250823]}"
St Alban's Catholic Primary School,Broad Lane,B14 5AL,407671,279620,http://www.st-albans.eschools.co.uk/site,Primary,Voluntary Aided School,330,3381,"{""type"":""Point"",""coordinates"":[-1.88864384923069,52.4145435871339]}"
St Ambrose Barlow Catholic Primary School,Shirley Road,B28 9JJ,411298,280744,http://www.sab.bham.sch.uk/,Primary,Voluntary Aided School,330,3380,"{""type"":""Point"",""coordinates"":[-1.83528123117057,52.4245862463004]}"
St Anne's Catholic Primary School,Lowe Street,B12 0ER,408274,285837,http://www.st-annes.bham.sch.uk/,Primary,Voluntary Aided School,330,3335,"{""type"":""Point"",""coordinates"":[-1.87962652654801,52.4704257287731]}"
St Augustine's Catholic Primary School,Avenue Road,B21 8ED,403821,290703,http://www.staugust.bham.sch.uk/,Primary,Voluntary Aided School,330,3329,"{""type"":""Point"",""coordinates"":[-1.94512457532836,52.5142136878896]}"
St Benedict's Infant School,St Benedict's Road,B10 9DP,410637,285451,http://www.stbendic.bham.sch.uk/,Infants,Community School,330,2183,"{""type"":""Point"",""coordinates"":[-1.84486799093407,52.4669152220464]}"
St Bernadette's Catholic Primary School,Hobmoor Road,B25 8QL,411804,285671,http://www.stberns.co.uk/,Primary,Voluntary Aided School,330,3372,"{""type"":""Point"",""coordinates"":[-1.82767956941013,52.4688647561126]}"
St Bernard's Catholic Primary School,Wake Green Road,B13 9QE,409520,282119,http://birmingham.schooljotter.com/bernards,Primary,Voluntary Aided School,330,3375,"{""type"":""Point"",""coordinates"":[-1.86140374862324,52.4369720500727]}"
St Brigid's Catholic Primary School,Frankley Beeches Road,B31 5AB,401713,279200,http://www.stbrigid.bham.sch.uk/,Primary,Academy Converter,330,3330,"{""type"":""Point"",""coordinates"":[-1.97625377987907,52.4108175764312]}"
St Catherine of Siena Catholic Primary School,Great Colmore Street,B15 2AY,406809,285998,http://www.stcathrc.bham.sch.uk/,Primary,Voluntary Aided School,330,3331,"{""type"":""Point"",""coordinates"":[-1.90120407339432,52.4718840907909]}"
St Chad's Catholic Primary School,Hospital Street,B19 3XD,406810,288288,http://www.stchadsprimary.co.uk/,Primary,Voluntary Aided School,330,3337,"{""type"":""Point"",""coordinates"":[-1.90112868784173,52.4924799670225]}"
St Clare's Catholic Primary School,Robert Road,B20 3RT,405988,290246,http://www.stclare.bham.sch.uk/,Primary,Voluntary Aided School,330,3406,"{""type"":""Point"",""coordinates"":[-1.91320076879086,52.510091677675]}"
St Clement's Church of England Academy,Butlin Street,B7 5NS,409064,289149,http://www.stclemce.bham.sch.uk/,Primary,Academy Sponsor Led,330,2059,"{""type"":""Point"",""coordinates"":[-1.86790812249922,52.5001790169489]}"
St Columba's Catholic Primary School,Lickey Road,B45 8TD,400713,277407,http://www.stcolumba.bham.sch.uk/,Primary,Academy Sponsor Led,330,2154,"{""type"":""Point"",""coordinates"":[-1.99094628780602,52.3946914112337]}"
St Cuthbert's RC Junior and Infant (NC) School,Gumbleberrys Close,B8 2PS,412418,287602,http://www.stcuthbt.bham.sch.uk/,Primary,Voluntary Aided School,330,3386,"{""type"":""Point"",""coordinates"":[-1.81857294923269,52.4862063732238]}"
St Dunstan's Catholic Primary School,Drayton Road,B14 7LP,407589,281591,http://www.stdunstans.bham.sch.uk/,Primary,Voluntary Aided School,330,3363,"{""type"":""Point"",""coordinates"":[-1.88980537425525,52.4322551207441]}"
St Edmund Campion Catholic School & Sixth Form Centre,Sutton Road,B23 5XA,411586,292508,http://www.stedcamp.bham.sch.uk/,Secondary,Voluntary Aided School,330,4663,"{""type"":""Point"",""coordinates"":[-1.83064123640625,52.530337743216]}"
St Edmund's Catholic Primary School,Rosebery Street,B18 7PA,405311,287679,http://www.stedmund.bham.sch.uk/,Primary,Voluntary Aided School,330,3347,"{""type"":""Point"",""coordinates"":[-1.92321586916351,52.4870124764301]}"
St Edward's Catholic Primary School,Greenland Road,B29 7PN,405600,282305,http://www.stedward.bham.sch.uk/,Primary,Voluntary Aided School,330,3355,"{""type"":""Point"",""coordinates"":[-1.91905264208841,52.4386993136596]}"
St Francis Catholic Primary School,Nursery Road,B19 1PH,405921,288874,http://www.stfranrc.bham.sch.uk/,Primary,Voluntary Aided School,330,3342,"{""type"":""Point"",""coordinates"":[-1.91422656630132,52.4977582730348]}"
St Francis Church of England Aided Primary School and Nursery,Teazel Avenue,B30 1LZ,403796,280592,http://www.stfrancisprimaryandnursery.co.uk/,Primary,Voluntary Aided School,330,5205,"{""type"":""Point"",""coordinates"":[-1.94561913517744,52.4233127200996]}"
"St George's Church of England Academy, Newtown",St George's Street,B19 3QY,406669,288054,http://www.stgnewtown.bham.sch.uk/,Primary,Academy Sponsor Led,330,2104,"{""type"":""Point"",""coordinates"":[-1.90320997512746,52.4903691112315]}"
St George's Church of England Primary School,Beaufort Road,B16 8HY,404955,286137,http://www.stgeorgesb16.com/,Primary,Academy Sponsor Led,330,2120,"{""type"":""Point"",""coordinates"":[-1.92848081390327,52.4731532582902]}"
St Georges Academy,Great Hampton Row,B19 3JG,406560,288056,http://www.stgeorgesacademy.org.uk/,Alternative,Free Schools,330,1108,"{""type"":""Point"",""coordinates"":[-1.90482992599839,52.4903883953387]}"
St Gerard's RC Junior and Infant School,Yatesbury Avenue,B35 6LB,414575,291660,http://www.stgerard.bham.sch.uk/,Primary,Voluntary Aided School,330,3367,"{""type"":""Point"",""coordinates"":[-1.78663253384658,52.5226343174002]}"
St James Catholic Primary School,Leach Heath Lane,B45 9BN,399289,277142,http://www.stjamescatholicprimary.co.uk,Primary,Academy Converter,330,3358,"{""type"":""Point"",""coordinates"":[-2.0118869027365,52.3923176803396]}"
"St James Church of England Primary School, Handsworth",Sandwell Road,B21 8NH,403546,289996,http://www.stjamesce.bham.sch.uk/page/default.asp?title=Home&pid=1,Primary,Voluntary Controlled School,330,3010,"{""type"":""Point"",""coordinates"":[-1.94919878619469,52.5078650429601]}"
St John and Monica Catholic Primary School,Chantry Road,B13 8DW,407273,283611,http://www.stjonmon.bham.sch.uk/,Primary,Voluntary Aided School,330,3410,"{""type"":""Point"",""coordinates"":[-1.89442453939155,52.4504280756117]}"
St John Fisher Catholic Primary School,Alvechurch Road,B31 3PN,402834,277295,http://www.stjonfsh.bham.sch.uk/,Primary,Voluntary Aided School,330,3360,"{""type"":""Point"",""coordinates"":[-1.95977763242236,52.3936781291011]}"
St John Wall Catholic School - A Specialist Humanities College,Oxhill Road,B21 8HH,403467,290917,http://www.sjw.bham.sch.uk/,Secondary,Voluntary Aided School,330,4625,"{""type"":""Point"",""coordinates"":[-1.95033955229021,52.5161382771761]}"
St John's and St Peter's CofE Academy,St Vincent Street West,B16 8RN,405362,286621,http://www.stjohnsandstpeters.co.uk/,Primary,Academy Sponsor Led,330,2071,"{""type"":""Point"",""coordinates"":[-1.92248141310049,52.4775006518592]}"
St John's CofE Primary School,Stratford Road,B11 4EA,409302,283513,http://www.st-johns-pri.bham.sch.uk/,Primary,Academy Converter,330,3306,"{""type"":""Point"",""coordinates"":[-1.86457212486388,52.4495078080085]}"
St Joseph's Catholic Primary School (B30),Selly Oak Road,B30 1HN,404545,280485,http://www.stjosb30.bham.sch.uk,Primary,Academy Sponsor Led,330,2158,"{""type"":""Point"",""coordinates"":[-1.93459172115552,52.4223452361053]}"
St Joseph's Catholic Primary School (B7),Rocky Lane,B7 5HA,408717,288691,http://www.stjosb7.bham.sch.uk/,Primary,Voluntary Aided School,330,3339,"{""type"":""Point"",""coordinates"":[-1.87304625895841,52.4960672465694]}"
St Joseph's RC Primary School,Little Sutton Lane,B75 6PB,412208,297239,http://stjosutton.net/,Primary,Academy Converter,330,3401,"{""type"":""Point"",""coordinates"":[-1.82130006481422,52.5728550183087]}"
St Jude's Catholic Primary School,St Jude's Close,B14 5PD,407622,278602,http://www.stjuderc.bham.sch.uk/,Primary,Voluntary Aided School,330,3377,"{""type"":""Point"",""coordinates"":[-1.88939438481452,52.4053852224509]}"
St Laurence Church Infant School,Bunbury Road,B31 2DJ,402515,279595,http://www.stlrnci.bham.sch.uk/,Infants,Voluntary Aided School,330,3371,"{""type"":""Point"",""coordinates"":[-1.96444948230272,52.4143643469392]}"
St Laurence Church Junior School,Bunbury Road,B31 2DJ,402629,279653,http://www.stlrncj.bham.sch.uk/,Juniors,Voluntary Aided School,330,3307,"{""type"":""Point"",""coordinates"":[-1.96278710946787,52.4148866414646]}"
St Margaret Mary RC Junior and Infant School,Perry Common Road,B23 7AB,409338,292832,http://www.stmgtmry.bham.sch.uk/,Primary,Voluntary Aided School,330,3361,"{""type"":""Point"",""coordinates"":[-1.86378444267628,52.5332931306295]}"
St Mark's Catholic Primary School,Almond Croft,B42 1NU,404938,292961,http://www.stmarkrc.bham.sch.uk/,Primary,Voluntary Aided School,330,3383,"{""type"":""Point"",""coordinates"":[-1.92863226819759,52.5345005473269]}"
St Martin de Porres Catholic Primary School,Oakland Road,B13 9DN,408131,283313,http://www.stmartindeporres.org.uk/,Primary,Voluntary Aided School,330,3382,"{""type"":""Point"",""coordinates"":[-1.88179228563615,52.4477281979032]}"
St Mary and St John Junior and Infant School,Beaufort Road,B23 7NB,410393,290978,http://www.stmryjon.bham.sch.uk/,Primary,Voluntary Aided School,330,3350,"{""type"":""Point"",""coordinates"":[-1.84827443265025,52.5166070479742]}"
St Mary's Catholic Primary School,Vivian Road,B17 0DN,403349,284282,http://www.stmaryrc.bham.sch.uk/,Primary,Voluntary Aided School,330,3344,"{""type"":""Point"",""coordinates"":[-1.95215372963442,52.4564959202272]}"
St Mary's Church of England Primary School,Lodge Hill Road,B29 6NU,403968,282345,http://www.stmryb29.bham.sch.uk/,Primary,Voluntary Controlled School,330,3025,"{""type"":""Point"",""coordinates"":[-1.94305496258275,52.4390800192666]}"
"St Marys C of E Primary and Nursery, Academy, Handsworth",Hamstead Road,B20 2RW,405566,290369,http://www.stmryb20.bham.sch.uk/,Primary,Academy Converter,330,3015,"{""type"":""Point"",""coordinates"":[-1.91941655707283,52.5111928714867]}"
St Matthew's CofE Primary School,Duddeston Manor Road,B7 4JR,408362,287926,http://www.st-matthews.bham.sch.uk/,Primary,Voluntary Controlled School,330,3016,"{""type"":""Point"",""coordinates"":[-1.87827944146748,52.4891954159501]}"
St Michael's Church of England Aided Primary School,Nantmel Grove,B32 3JS,400066,281609,http://www.stmicb32.bham.sch.uk/,Primary,Academy Converter,330,3311,"{""type"":""Point"",""coordinates"":[-2.00045503547455,52.4324769190648]}"
"St Michael's CofE Primary Academy, Handsworth",Piers Road,B21 0UX,405201,289195,http://www.stmich21.bham.sch.uk/,Primary,Academy Sponsor Led,330,2061,"{""type"":""Point"",""coordinates"":[-1.92481257940441,52.5006511950647]}"
St Nicholas Catholic Primary School,Jockey Road,B73 5US,410957,294672,http://www.stnicholassutton.org.uk/,Primary,Academy Converter,330,3403,"{""type"":""Point"",""coordinates"":[-1.83984259281167,52.5498046178742]}"
St Patrick's Catholic Primary School,Dudley Road,B18 7QW,404740,287594,http://www.stpatrc.bham.sch.uk/,Primary,Voluntary Aided School,330,3346,"{""type"":""Point"",""coordinates"":[-1.93164044494217,52.486262411069]}"
St Paul's Catholic Primary School,Sisefield Road,B38 9JB,405226,278132,http://www.stpaulrc.bham.sch.uk/,Primary,Academy Converter,330,3366,"{""type"":""Point"",""coordinates"":[-1.92462827620016,52.4011857451931]}"
St Paul's School for Girls,Vernon Road,B16 9SL,404120,286404,http://www.stpaulgl.bham.sch.uk/page_viewer.asp?page=Home&pid=1,Secondary,Voluntary Aided School,330,4606,"{""type"":""Point"",""coordinates"":[-1.94077033207516,52.4755692666952]}"
St Peter and St Paul RC Junior and Infant School,Kingsbury Road,B24 9ND,412042,291159,http://www.ssptrpl.bham.sch.uk/,Primary,Voluntary Aided School,330,3362,"{""type"":""Point"",""coordinates"":[-1.82398248496869,52.5182006378929]}"
St Peter's Catholic Primary School,Adams Hill,B32 3QD,400113,282037,http://www.stpeterc.bham.sch.uk/,Primary,Voluntary Aided School,330,3385,"{""type"":""Point"",""coordinates"":[-1.99977398974491,52.4363183392611]}"
St Peters CofE Primary School,Old Church Road,B17 0BE,402937,284031,http://www.st-petersce.bham.sch.uk/,Primary,Voluntary Controlled School,330,3428,"{""type"":""Point"",""coordinates"":[-1.95821126944787,52.4542350763885]}"
St Saviour's C of E Primary School,Alum Rock Road,B8 1JB,409777,288193,http://www.stsavioursceprimary.co.uk/,Primary,Voluntary Controlled School,330,3019,"{""type"":""Point"",""coordinates"":[-1.85744749710503,52.4915725576046]}"
St Teresa's Catholic Primary School,Butlers Road,B20 2NY,405327,290997,http://www.stteresa.bham.sch.uk/,Primary,Voluntary Aided School,330,3365,"{""type"":""Point"",""coordinates"":[-1.92292826241925,52.5168408642329]}"
St Thomas Aquinas Catholic School,Wychall Lane,B38 8AP,403680,279116,http://www.stacs.org/,Secondary,Academy Converter,330,4616,"{""type"":""Point"",""coordinates"":[-1.94732598037644,52.4100441898818]}"
St Thomas Centre Nursery,Bell Barn Road,B15 2AF,406469,285699,http://www.stthomaschildrenscentre.co.uk/,Nursery,LA Nursery School,330,1009,"{""type"":""Point"",""coordinates"":[-1.90620035081463,52.4692090894419]}"
St Thomas More Catholic Primary School,Horse Shoes Lane,B26 3HU,414853,284288,http://www.sttommor.bham.sch.uk/,Primary,Voluntary Aided School,330,3349,"{""type"":""Point"",""coordinates"":[-1.78284678319722,52.4563534694398]}"
St Thomas' Church of England VA Primary School,Great Colmore Street,B15 2AT,406599,285950,http://www.stthomasprimary.bham.sch.uk/,Primary,Academy Converter,330,3314,"{""type"":""Point"",""coordinates"":[-1.90428181183135,52.4714640245205]}"
St Vincent's Catholic Primary School,Vauxhall Grove,B7 4HP,408565,287471,http://www.stvincnt.bham.sch.uk/,Primary,Voluntary Aided School,330,3310,"{""type"":""Point"",""coordinates"":[-1.87531603862861,52.4851019124358]}"
St Wilfrid's Catholic Junior and Infant School,Shawsdale Road,B36 8LY,413647,289690,http://www.stwilfrd.bham.sch.uk/,Primary,Voluntary Aided School,330,3359,"{""type"":""Point"",""coordinates"":[-1.80038970168001,52.5049570726807]}"
Stanville Primary School,Stanville Road,B26 3YN,415101,284958,https://intranet.stanville.bham.sch.uk/home/SitePages/Homepage.aspx,Primary,Community School,330,2178,"{""type"":""Point"",""coordinates"":[-1.77918173719594,52.4623699818051]}"
Starbank School,Starbank Road,B10 9LR,411459,285797,http://www.starbankprimary.co.uk/www/,All Through,Community School,330,2179,"{""type"":""Point"",""coordinates"":[-1.83275669583003,52.4700003083984]}"
Stechford Primary School,Albert Road,B33 8SJ,412787,286866,http://www.stechfordprimary.co.uk/bham/primary/stechford,Primary,Community School,330,2184,"{""type"":""Point"",""coordinates"":[-1.81315232462042,52.4795813445758]}"
Stirchley Primary School,Pershore Road,B30 2JL,405323,280906,http://www.stirchly.bham.sch.uk/,Primary,Community School,330,2188,"{""type"":""Point"",""coordinates"":[-1.92315939163391,52.4261231942009]}"
Stockland Green School,Slade Road,B23 7JH,409471,291714,http://www.stockgrn.bham.sch.uk/home/,Secondary,Academy Converter,330,4206,"{""type"":""Point"",""coordinates"":[-1.86185522384803,52.5232402035354]}"
Story Wood School and Children's Centre,Hastings Road,B23 5AJ,408959,293314,http://www.storywood.bham.sch.uk/,Primary,Community School,330,2097,"{""type"":""Point"",""coordinates"":[-1.86935879761618,52.5376325378727]}"
Summerfield Junior and Infant School,Cuthbert Road,B18 4AH,404194,287870,http://www.sumfield.bham.sch.uk/,Primary,Community School,330,2067,"{""type"":""Point"",""coordinates"":[-1.93966293576144,52.4887479864918]}"
Sundridge Primary School,Sundridge Road,B44 9NY,407135,295552,http://www.sundridge.bham.sch.uk/,Primary,Community School,330,2190,"{""type"":""Point"",""coordinates"":[-1.89620330585224,52.5577783408591]}"
Sutton Coldfield Grammar School for Girls,Jockey Road,B73 5PT,411635,295172,http://www.suttcold.bham.sch.uk/scgsg/index.php,Secondary,Academy Converter,330,4300,"{""type"":""Point"",""coordinates"":[-1.82982651809302,52.5542855726416]}"
Swanshurst School,Brook Lane,B13 0TW,408652,281305,http://www.swanshurst.org/,Secondary,Community School,330,4237,"{""type"":""Point"",""coordinates"":[-1.87418380522988,52.4296728453446]}"
Tame Valley Academy,Chillinghome Road,B36 8QJ,412684,289875,http://www.tamevalleyacademy.co.uk/,Primary,Academy Sponsor Led,330,2098,"{""type"":""Point"",""coordinates"":[-1.814569987321,52.5066343151714]}"
The Abbey RC Junior and Infant School,Sutton Road,B23 6QL,411171,292415,http://www.abbeyrc.bham.sch.uk/,Primary,Voluntary Aided School,330,3318,"{""type"":""Point"",""coordinates"":[-1.83677647555671,52.5295102551539]}"
The Arthur Terry School,Kittoe Road,B74 4RZ,411195,299105,http://www.arthurterry.bham.sch.uk/,Secondary,Academy Converter,330,4307,"{""type"":""Point"",""coordinates"":[-1.83619345801512,52.5896443671839]}"
The Baverstock Academy,501 Bells Lane,B14 5TL,407488,278603,http://www.baverstock.bham.sch.uk/,Secondary,Academy Converter,330,5400,"{""type"":""Point"",""coordinates"":[-1.89135675084995,52.4054032142401]}"
The Bridge School,Coppice View Road,B73 6UE,408473,295521,http://www.bridgespecialschool.co.uk/,Special,Community School,330,7049,"{""type"":""Point"",""coordinates"":[-1.87645825607638,52.5574780467041]}"
The Dame Ellen Pinsent School,Ardencote Road,B13 0RW,408046,281070,http://www.dameellenpinsent.bham.sch.uk/,Special,Community School,330,7035,"{""type"":""Point"",""coordinates"":[-1.88309612256564,52.4275648791516]}"
The Deanery Church of England Primary School,Fox Hollies Road,B76 2RD,413893,293891,http://web.deanery.bham.sch.uk/,Primary,Academy Converter,330,5201,"{""type"":""Point"",""coordinates"":[-1.79657678432978,52.5427082575583]}"
The Edge Academy,946 Bristol Street South,B31 2LQ,401954,279254,http://www.theedgeacademy.co.uk/,Alternative,Free Schools,330,1111,"{""type"":""Point"",""coordinates"":[-1.97270854924705,52.4112957646956]}"
The International School,Gressel Lane,B33 9UF,415713,287288,http://www.tisbham.org/,Secondary,Community School,330,4244,"{""type"":""Point"",""coordinates"":[-1.77006530071029,52.4832993328731]}"
The Meadows Primary School,Bristol Road South,B31 2SW,401320,278456,http://www.meadowsprimary.org/,Primary,Community School,330,2246,"{""type"":""Point"",""coordinates"":[-1.98203688498621,52.4041210098065]}"
The Oaklands Primary School,Dolphin Lane,B27 7BT,412292,282585,http://www.theoaklands.org.uk/,Primary,Academy Converter,330,2064,"{""type"":""Point"",""coordinates"":[-1.8205968369831,52.4411156120032]}"
The Oaks Primary School,Bells Lane,B14 5RY,406809,278566,http://www.theoaks.bham.sch.uk/,Primary,Community School,330,2018,"{""type"":""Point"",""coordinates"":[-1.90135290934161,52.4050703351261]}"
The Oratory Roman Catholic Primary School,Oliver Road,B16 9ER,404949,286613,http://www.oratory.bham.sch.uk/,Primary,Voluntary Aided School,330,3323,"{""type"":""Point"",""coordinates"":[-1.92856226735164,52.4774414625127]}"
The Orchards Primary Academy,Rhayader Road,B31 1TX,401109,280042,http://www.theorchardsprimary.com/,Primary,Academy Converter,330,2249,"{""type"":""Point"",""coordinates"":[-1.98511896534005,52.4183886194146]}"
The Oval Primary School,Whittington Oval,B33 8JG,413952,286945,http://www.theovalprimary.co.uk/,Primary,Community School,330,2447,"{""type"":""Point"",""coordinates"":[-1.79601039502822,52.4802632625437]}"
The Pines Special School,Dreghorn Road,B36 8LL,413525,289672,http://www.thepinesspecialschool.com/,Special,Community School,330,7045,"{""type"":""Point"",""coordinates"":[-1.80217314723293,52.5047893023723]}"
The Rosary Catholic Primary School,Bridge Road,B8 3SF,410227,287471,http://www.rosaryrc.bham.sch.uk/,Primary,Voluntary Aided School,330,3325,"{""type"":""Point"",""coordinates"":[-1.8508271721146,52.4850736389749]}"
The Shirestone Academy,Shirestone Road,B33 0DH,415849,286883,http://www.shirestn.bham.sch.uk/,Primary,Academy Sponsor Led,330,2058,"{""type"":""Point"",""coordinates"":[-1.76808173046515,52.4796634789992]}"
The University of Birmingham School,Weoley Park Road,B29 6QU,403674,281966,http://www.universityschool.bham.ac.uk/,Secondary,Free Schools,330,4014,"{""type"":""Point"",""coordinates"":[-1.94739566854013,52.4356738866091]}"
Thornton Primary School,Thornton Road,B8 2LQ,411778,288113,http://www.thornton.bham.sch.uk/,Primary,Community School,330,2192,"{""type"":""Point"",""coordinates"":[-1.8279797052133,52.490823195431]}"
Timberley Academy,Bradley Road,B34 7RL,415645,288803,http://www.timberleyacademy.co.uk/,Primary,Academy Converter,330,2195,"{""type"":""Point"",""coordinates"":[-1.77099588660564,52.496929878919]}"
Tiverton Academy,Tiverton Road,B29 6BW,404674,282846,http://www.tiverton.bham.sch.uk/,Primary,Academy Sponsor Led,330,2126,"{""type"":""Point"",""coordinates"":[-1.93266255883583,52.443578554451]}"
Topcliffe Primary School,Hawkinge Drive,B35 6BS,414091,291445,http://www.topcliffe.bham.sch.uk/,Primary,Community School,330,2273,"{""type"":""Point"",""coordinates"":[-1.79376020395235,52.5207141163063]}"
Town Junior School,Ebrook Road,B72 1NX,412453,295589,http://www.townj.bham.sch.uk/,Juniors,Academy Sponsor Led,330,2145,"{""type"":""Point"",""coordinates"":[-1.8177611356171,52.5580164228528]}"
Turves Green Boys' School,Turves Green,B31 4BS,402114,277845,http://frog.turvesgreenboys.bham.sch.uk/,Secondary,Community School,330,4188,"{""type"":""Point"",""coordinates"":[-1.97035500209825,52.398634693787]}"
Turves Green Girls' School and Technology College,Turves Green,B31 4BP,402255,278134,http://www.turvgng.bham.sch.uk/,Secondary,Foundation School,330,4187,"{""type"":""Point"",""coordinates"":[-1.96828090528503,52.4012233715257]}"
Turves Green Primary School,Northfield,B31 4BP,402211,278019,http://www.turvesgreen-pri.bham.sch.uk/,Primary,Community School,330,2442,"{""type"":""Point"",""coordinates"":[-1.96893601789355,52.4001941149742]}"
Twickenham Primary School,Twickenham Road,B44 0NR,409145,294323,http://www.twicknhm.bham.sch.uk/,Primary,Academy Converter,330,2449,"{""type"":""Point"",""coordinates"":[-1.86657441880916,52.5466912403114]}"
Uffculme School,Queensbridge Road,B13 8QB,407329,282451,http://www.uffculme.bham.sch.uk/,Special,Community School,330,7014,"{""type"":""Point"",""coordinates"":[-1.8936255841257,52.4399989637785]}"
Victoria School,Bell Hill,B31 1LD,402107,280246,http://www.victoria.bham.sch.uk/,Special,Community School,330,7009,"{""type"":""Point"",""coordinates"":[-1.97045828399793,52.4202198899522]}"
Walmley Infant School,Walmley Ash Road,B76 1JB,414279,293095,http://www.walmleyinfantschool.co.uk/,Infants,Foundation School,330,5203,"{""type"":""Point"",""coordinates"":[-1.79093386702887,52.5355424773616]}"
Walmley Junior School,Walmley Ash Road,B76 1JB,414339,293059,http://www.walmley-jun.bham.sch.uk/,Juniors,Foundation School,330,5202,"{""type"":""Point"",""coordinates"":[-1.79003615582871,52.5352172576954]}"
Ward End Primary School,Ingleton Road,B8 2RA,411512,288908,http://www.wardend.bham.sch.uk/,Primary,Community School,330,2108,"{""type"":""Point"",""coordinates"":[-1.8318554260986,52.4979667961256]}"
Warren Farm Primary School,Aylesbury Crescent,B44 0DT,408467,293748,http://www.warrenfarm-primary.co.uk/,Primary,Academy Converter,330,2068,"{""type"":""Point"",""coordinates"":[-1.87658691161529,52.54153294334]}"
Washwood Heath Academy,Burney Lane,B8 2AS,412368,288077,http://washwoodheath.com/,Secondary,Academy Converter,330,4084,"{""type"":""Point"",""coordinates"":[-1.81929172066632,52.4904866342438]}"
Washwood Heath Nursery School,201 Sladefield Road,B8 2SY,411431,288276,http://www.washwdhn.bham.sch.uk/,Nursery,LA Nursery School,330,1019,"{""type"":""Point"",""coordinates"":[-1.83307002668011,52.4922868763072]}"
Water Mill Primary School,Water Mill Close,B29 6TS,403691,283067,http://www.watrmill.bham.sch.uk/,Primary,Community School,330,2306,"{""type"":""Point"",""coordinates"":[-1.94712205987398,52.4455637300081]}"
Wattville Primary School,Wattville Road,B21 0DP,402992,289568,http://www.wattvilleprimary.bham.sch.uk/,Primary,Community School,330,2482,"{""type"":""Point"",""coordinates"":[-1.95735012637255,52.5040142857161]}"
Waverley School,Yardley Green Road,B9 5QA,411649,286411,http://www.waverley.bham.sch.uk/,All Through,Academy Converter,330,4009,"{""type"":""Point"",""coordinates"":[-1.82993853958799,52.4755161836678]}"
Waverley Studio College,311 Yardley Green Road,B9 5QA,411663,286452,http://waverleystudiocollege.co.uk/,Secondary,Free Schools,330,4010,"{""type"":""Point"",""coordinates"":[-1.82971631389645,52.4758844373628]}"
Welford Primary School,Welford Road,B20 2BL,405527,289591,http://www.welford.bham.sch.uk/,Primary,Community School,330,2308,"{""type"":""Point"",""coordinates"":[-1.92001853597022,52.5041991473187]}"
Welsh House Farm Community School and Special Needs Resources Base,Welsh House Farm Road,B32 2NG,401868,283878,http://www.welshhousefarm.bham.sch.uk/,Primary,Community School,330,2245,"{""type"":""Point"",""coordinates"":[-1.97395357338134,52.4528634828801]}"
Weoley Castle Nursery School,109 Weoley Castle Road,B29 5QD,402250,282207,http://www.weoleycastlenursery.co.uk/,Nursery,LA Nursery School,330,1020,"{""type"":""Point"",""coordinates"":[-1.96834305238834,52.4378487955546]}"
West Heath Nursery School,200 West Heath Road,B31 3HB,402679,278048,http://www.wesththn.bham.sch.uk/,Nursery,LA Nursery School,330,1014,"{""type"":""Point"",""coordinates"":[-1.96204963027254,52.4004573454618]}"
West Heath Primary School,Rednal Road,B38 8HU,403160,277974,http://www.westheathprimary.bham.sch.uk/,Primary,Community School,330,2019,"{""type"":""Point"",""coordinates"":[-1.9549807504871,52.3997896282594]}"
Westminster Primary School,Stamford Road,B20 3PN,406322,290223,http://www.westmnst.bham.sch.uk/page/default.asp?title=Home&pid=1,Primary,Community School,330,2471,"{""type"":""Point"",""coordinates"":[-1.90828002765239,52.5098722838677]}"
Wheelers Lane Primary School,Wheelers Lane,B13 0SF,407736,281181,http://web.wheelerslane-pri.bham.sch.uk/,Primary,Community School,330,2011,"{""type"":""Point"",""coordinates"":[-1.88766435340929,52.4285716668891]}"
Wheelers Lane Technology College,Wheelers Lane,B13 0SF,407714,281254,http://www.wheelerslane.bham.sch.uk/,Secondary,Community School,330,4193,"{""type"":""Point"",""coordinates"":[-1.88798039729521,52.4292273315981]}"
Whitehouse Common Primary School,Cotysmore Road,B75 6BL,412893,297005,http://www.whitehousecommon.bham.sch.uk/,Primary,Foundation School,330,2478,"{""type"":""Point"",""coordinates"":[-1.81120188260176,52.5707268323972]}"
Wilkes Green Infant School (NC),Antrobus Road,B21 9NT,404418,290175,http://www.wilkgrni.bham.sch.uk/,Infants,Community School,330,2276,"{""type"":""Point"",""coordinates"":[-1.93634898373514,52.5094680472892]}"
Wilkes Green Junior School,Antrobus Road,B21 9NT,404372,290137,http://www.wilkgrnj.bham.sch.uk/,Juniors,Community School,330,2293,"{""type"":""Point"",""coordinates"":[-1.93701252021484,52.5091267918818]}"
Wilson Stuart School,Perry Common Road,B23 7AT,409042,292726,http://www.wilsonstuart.co.uk/,Special,Academy Special Converter,330,7031,"{""type"":""Point"",""coordinates"":[-1.86815085131132,52.5323451379197]}"
Woodcock Hill Primary School,Farwood Road,B31 1BS,401210,281475,http://www.woodcockhillschool.org/,Primary,Community School,330,2445,"{""type"":""Point"",""coordinates"":[-1.98364387191465,52.431271156006]}"
Woodgate Primary School,Lutley Grove,B32 3PN,399676,282142,http://www.woodgateprimary.co.uk/,Primary,Community School,330,2278,"{""type"":""Point"",""coordinates"":[-2.00619195663529,52.4372684036133]}"
Woodhouse Primary Academy,Woodhouse Road,B32 2DL,401212,284646,http://www.woodhouse.priacademy.co.uk/,Primary,Academy Sponsor Led,330,2136,"{""type"":""Point"",""coordinates"":[-1.98358947154823,52.4597695026194]}"
Woodthorpe Junior and Infant School,Greenwood Close,B14 6ET,407163,280159,http://www.woodthorpe-school.com/,Primary,Community School,330,2314,"{""type"":""Point"",""coordinates"":[-1.8961158591998,52.419387072133]}"
World's End Infant and Nursery School,Worlds End Lane,B32 2SA,401032,284055,http://www.worldsendinfant.bham.sch.uk/,Infants,Community School,330,2317,"{""type"":""Point"",""coordinates"":[-1.98624017802302,52.4544657283597]}"
World's End Junior School,Worlds End Lane,B32 2SA,400961,284049,http://www.wejs.org.uk/,Juniors,Community School,330,2225,"{""type"":""Point"",""coordinates"":[-1.98729965701243,52.4544029319955]}"
Wychall Primary School,Middle Field Road,B31 3EH,403473,278938,http://www.wychall.bham.sch.uk/,Primary,Academy Converter,330,2480,"{""type"":""Point"",""coordinates"":[-1.95038550128221,52.4084452822309]}"
Wylde Green Primary School,Green Lanes,B73 5JL,411593,293337,http://wyldegreenprimaryschool.org.uk/,Primary,Community School,330,2412,"{""type"":""Point"",""coordinates"":[-1.83050944532534,52.5377812060273]}"
Wyndcliffe Primary School,Little Green Lane,B9 5BG,409661,286409,http://www.wyndcliffe.bham.sch.uk/,Primary,Academy Sponsor Led,330,2146,"{""type"":""Point"",""coordinates"":[-1.85920699871494,52.4755454766852]}"
Yardley Primary School,Harvey Road,B26 1TD,412917,285278,https://intranet.yardley.bham.sch.uk/default.aspx,Primary,Community School,330,3421,"{""type"":""Point"",""coordinates"":[-1.81129915030114,52.4653112577843]}"
Yardley Wood Community Primary School,School Road,B14 4ER,409574,279763,http://www.ydlywood.bham.sch.uk/,Primary,Community School,330,2227,"{""type"":""Point"",""coordinates"":[-1.86066141036339,52.4157995695231]}"
Yardleys School,Reddings Lane,B11 3EY,410688,283651,http://www.yardleys-vle.com,Secondary,Academy Converter,330,4246,"{""type"":""Point"",""coordinates"":[-1.84415972061495,52.4507233567733]}"
Yarnfield Primary School,Yarnfield Road,B11 3PJ,411202,283118,http://www.yarnfld.bham.sch.uk/,Primary,Academy Sponsor Led,330,2122,"{""type"":""Point"",""coordinates"":[-1.83662608206671,52.4459236240517]}"
Yenton Primary School,Chester Road,B24 0ED,412050,292502,http://www.yenton.bham.sch.uk/,Primary,Community School,330,2485,"{""type"":""Point"",""coordinates"":[-1.82381645005258,52.5302648892817]}"
Yew Tree Community Junior and Infant School (NC),Yew Tree Road,B6 6RX,408053,290299,http://www.yewtree.bham.sch.uk/,Primary,Community School,330,2180,"{""type"":""Point"",""coordinates"":[-1.88278825874003,52.5105330689896]}"
Yorkmead Junior and Infant School,York Road,B28 8BB,410540,282541,http://www.yorkmead.co.uk/,Primary,Community School,330,2231,"{""type"":""Point"",""coordinates"":[-1.84637206363093,52.4407473048816]}"
